This is pdfTeX, Version 3.141592653-2.6-1.40.22 (TeX Live 2022/dev/Debian) (preloaded format=pdflatex 2026.4.7)  17 AUG 2026 16:42
entering extended mode
 \write18 enabled.
 file:line:error style messages enabled.
 %&-line parsing enabled.
**main.tex
(./main.tex
LaTeX2e <2021-11-15> patch level 1
L3 programming layer <2022-01-21>
(/usr/share/texlive/texmf-dist/tex/latex/base/book.cls
Document Class: book 2021/10/04 v1.4n Standard LaTeX document class
(/usr/share/texlive/texmf-dist/tex/latex/base/fleqn.clo
File: fleqn.clo 2016/12/29 v1.2b Standard LaTeX option (flush left equations)
\mathindent=\skip47
Applying: [2015/01/01] Make \[ robust on input line 50.
LaTeX Info: Redefining \[ on input line 51.
Already applied: [0000/00/00] Make \[ robust on input line 62.
Applying: [2015/01/01] Make \] robust on input line 74.
LaTeX Info: Redefining \] on input line 75.
Already applied: [0000/00/00] Make \] robust on input line 83.
)
(/usr/share/texlive/texmf-dist/tex/latex/base/bk12.clo
File: bk12.clo 2021/10/04 v1.4n Standard LaTeX file (size option)
)
\c@part=\count185
\c@chapter=\count186
\c@section=\count187
\c@subsection=\count188
\c@subsubsection=\count189
\c@paragraph=\count190
\c@subparagraph=\count191
\c@figure=\count192
\c@table=\count193
\abovecaptionskip=\skip48
\belowcaptionskip=\skip49
\bibindent=\dimen138
)
(./settings/epfl_template.tex
(/usr/share/texlive/texmf-dist/tex/latex/base/fontenc.sty
Package: fontenc 2021/04/29 v2.0v Standard LaTeX package
)
(/usr/share/texlive/texmf-dist/tex/latex/base/inputenc.sty
Package: inputenc 2021/02/14 v1.3d Input encoding file
\inpenc@prehook=\toks16
\inpenc@posthook=\toks17
)
(/usr/share/texlive/texmf-dist/tex/generic/babel/babel.sty
Package: babel 2022/01/26 3.70 The Babel package
\babel@savecnt=\count194
\U@D=\dimen139
\l@unhyphenated=\language87

(/usr/share/texlive/texmf-dist/tex/generic/babel/txtbabel.def)
\bbl@readstream=\read2
\bbl@dirlevel=\count195

(/usr/share/texlive/texmf-dist/tex/generic/babel-french/french.ldf
Language: french 2021/07/20 v3.5m French support from the babel system
Package babel Info: Hyphen rules for 'acadian' set to \l@french
(babel)             (\language15). Reported on input line 91.
Package babel Info: Hyphen rules for 'canadien' set to \l@french
(babel)             (\language15). Reported on input line 92.
\FB@nonchar=\count196
Package babel Info: Making : an active character on input line 430.
Package babel Info: Making ; an active character on input line 431.
Package babel Info: Making ! an active character on input line 432.
Package babel Info: Making ? an active character on input line 433.
\FBguill@level=\count197
\FBold@everypar=\toks18
\FB@Mht=\dimen140
\mc@charclass=\count198
\mc@charfam=\count199
\mc@charslot=\count266
\std@mcc=\count267
\dec@mcc=\count268
\listindentFB=\dimen141
\descindentFB=\dimen142
\labelindentFB=\dimen143
\labelwidthFB=\dimen144
\leftmarginFB=\dimen145
\parindentFFN=\dimen146
\FBfnindent=\dimen147
)
(/usr/share/texlive/texmf-dist/tex/generic/babel-german/german.ldf
Language: german 2021/02/27 v2.13 German support for babel (pre-1996 orthograph
y)

(/usr/share/texlive/texmf-dist/tex/generic/babel-german/germanb.ldf
Language: germanb 2021/02/27 v2.13 German support for babel (pre-1996 orthograp
hy)
Package babel Info: Making " an active character on input line 139.
))
(/usr/share/texlive/texmf-dist/tex/generic/babel-english/english.ldf
Language: english 2017/06/06 v3.3r English support from the babel system
Package babel Info: Hyphen rules for 'canadian' set to \l@english
(babel)             (\language0). Reported on input line 102.
Package babel Info: Hyphen rules for 'australian' set to \l@ukenglish
(babel)             (\language16). Reported on input line 105.
Package babel Info: Hyphen rules for 'newzealand' set to \l@ukenglish
(babel)             (\language16). Reported on input line 108.
))
(/usr/share/texlive/texmf-dist/tex/latex/carlisle/scalefnt.sty)
(/usr/share/texlive/texmf-dist/tex/latex/graphics/keyval.sty
Package: keyval 2014/10/28 v1.15 key=value parser (DPC)
\KV@toks@=\toks19
)
(/usr/share/texlive/texmf-dist/tex/latex/fourier/fourier.sty
Package: fourier 2020/03/03 2.2 fourier-GUTenberg package

(/usr/share/texlive/texmf-dist/tex/generic/iftex/iftex.sty
Package: iftex 2020/03/06 v1.0d TeX engine tests
)
Now handling font encoding FML ...
... no UTF-8 mapping file for font encoding FML
Now handling font encoding FMS ...
... no UTF-8 mapping file for font encoding FMS
Now handling font encoding FMX ...
... no UTF-8 mapping file for font encoding FMX

(/usr/share/texlive/texmf-dist/tex/latex/base/fontenc.sty
Package: fontenc 2021/04/29 v2.0v Standard LaTeX package
LaTeX Font Info:    Trying to load font information for T1+futs on input line 1
12.

(/usr/share/texlive/texmf-dist/tex/latex/fourier/t1futs.fd
File: t1futs.fd 2004/03/02 Fontinst v1.926 font definitions for T1/futs.
))
(/usr/share/texlive/texmf-dist/tex/latex/base/textcomp.sty
Package: textcomp 2020/02/02 v2.0n Standard LaTeX package
)
(/usr/share/texlive/texmf-dist/tex/latex/fourier/fourier-orns.sty
Package: fourier-orns 2020/03/03 2.2 fourier-ornaments package
)
LaTeX Font Info:    Redeclaring symbol font `operators' on input line 63.
LaTeX Font Info:    Encoding `OT1' has changed to `T1' for symbol font
(Font)              `operators' in the math version `normal' on input line 63.
LaTeX Font Info:    Overwriting symbol font `operators' in version `normal'
(Font)                  OT1/cmr/m/n --> T1/futs/m/n on input line 63.
LaTeX Font Info:    Encoding `OT1' has changed to `T1' for symbol font
(Font)              `operators' in the math version `bold' on input line 63.
LaTeX Font Info:    Overwriting symbol font `operators' in version `bold'
(Font)                  OT1/cmr/bx/n --> T1/futs/m/n on input line 63.
LaTeX Font Info:    Overwriting symbol font `operators' in version `bold'
(Font)                  T1/futs/m/n --> T1/futs/b/n on input line 64.
LaTeX Font Info:    Redeclaring symbol font `letters' on input line 72.
LaTeX Font Info:    Encoding `OML' has changed to `FML' for symbol font
(Font)              `letters' in the math version `normal' on input line 72.
LaTeX Font Info:    Overwriting symbol font `letters' in version `normal'
(Font)                  OML/cmm/m/it --> FML/futmi/m/it on input line 72.
LaTeX Font Info:    Encoding `OML' has changed to `FML' for symbol font
(Font)              `letters' in the math version `bold' on input line 72.
LaTeX Font Info:    Overwriting symbol font `letters' in version `bold'
(Font)                  OML/cmm/b/it --> FML/futmi/m/it on input line 72.
\symotherletters=\mathgroup4
LaTeX Font Info:    Overwriting symbol font `letters' in version `bold'
(Font)                  FML/futmi/m/it --> FML/futmi/b/it on input line 74.
LaTeX Font Info:    Overwriting symbol font `otherletters' in version `bold'
(Font)                  FML/futm/m/it --> FML/futm/b/it on input line 75.
LaTeX Font Info:    Redeclaring math symbol \Gamma on input line 76.
LaTeX Font Info:    Redeclaring math symbol \Delta on input line 77.
LaTeX Font Info:    Redeclaring math symbol \Theta on input line 78.
LaTeX Font Info:    Redeclaring math symbol \Lambda on input line 79.
LaTeX Font Info:    Redeclaring math symbol \Xi on input line 80.
LaTeX Font Info:    Redeclaring math symbol \Pi on input line 81.
LaTeX Font Info:    Redeclaring math symbol \Sigma on input line 82.
LaTeX Font Info:    Redeclaring math symbol \Upsilon on input line 83.
LaTeX Font Info:    Redeclaring math symbol \Phi on input line 84.
LaTeX Font Info:    Redeclaring math symbol \Psi on input line 85.
LaTeX Font Info:    Redeclaring math symbol \Omega on input line 86.
LaTeX Font Info:    Redeclaring symbol font `symbols' on input line 126.
LaTeX Font Info:    Encoding `OMS' has changed to `FMS' for symbol font
(Font)              `symbols' in the math version `normal' on input line 126.
LaTeX Font Info:    Overwriting symbol font `symbols' in version `normal'
(Font)                  OMS/cmsy/m/n --> FMS/futm/m/n on input line 126.
LaTeX Font Info:    Encoding `OMS' has changed to `FMS' for symbol font
(Font)              `symbols' in the math version `bold' on input line 126.
LaTeX Font Info:    Overwriting symbol font `symbols' in version `bold'
(Font)                  OMS/cmsy/b/n --> FMS/futm/m/n on input line 126.
LaTeX Font Info:    Redeclaring symbol font `largesymbols' on input line 127.
LaTeX Font Info:    Encoding `OMX' has changed to `FMX' for symbol font
(Font)              `largesymbols' in the math version `normal' on input line 1
27.
LaTeX Font Info:    Overwriting symbol font `largesymbols' in version `normal'
(Font)                  OMX/cmex/m/n --> FMX/futm/m/n on input line 127.
LaTeX Font Info:    Encoding `OMX' has changed to `FMX' for symbol font
(Font)              `largesymbols' in the math version `bold' on input line 127
.
LaTeX Font Info:    Overwriting symbol font `largesymbols' in version `bold'
(Font)                  OMX/cmex/m/n --> FMX/futm/m/n on input line 127.
LaTeX Font Info:    Redeclaring math alphabet \mathbf on input line 128.
LaTeX Font Info:    Overwriting math alphabet `\mathbf' in version `normal'
(Font)                  OT1/cmr/bx/n --> T1/futs/bx/n on input line 128.
LaTeX Font Info:    Overwriting math alphabet `\mathbf' in version `bold'
(Font)                  OT1/cmr/bx/n --> T1/futs/bx/n on input line 128.
LaTeX Font Info:    Redeclaring math alphabet \mathrm on input line 129.
LaTeX Font Info:    Redeclaring math alphabet \mathit on input line 130.
LaTeX Font Info:    Overwriting math alphabet `\mathit' in version `normal'
(Font)                  OT1/cmr/m/it --> T1/futs/m/it on input line 130.
LaTeX Font Info:    Overwriting math alphabet `\mathit' in version `bold'
(Font)                  OT1/cmr/bx/it --> T1/futs/m/it on input line 130.
LaTeX Font Info:    Redeclaring math alphabet \mathcal on input line 131.
LaTeX Font Info:    Redeclaring math symbol \parallel on input line 147.
LaTeX Font Info:    Redeclaring math symbol \hbar on input line 161.
LaTeX Font Info:    Redeclaring math symbol \varkappa on input line 199.
LaTeX Font Info:    Redeclaring math symbol \varvarrho on input line 200.
LaTeX Font Info:    Redeclaring math delimiter \Vert on input line 223.
LaTeX Font Info:    Redeclaring math delimiter \vert on input line 228.
LaTeX Font Info:    Redeclaring math delimiter \Downarrow on input line 238.
LaTeX Font Info:    Redeclaring math delimiter \backslash on input line 240.
LaTeX Font Info:    Redeclaring math delimiter \rangle on input line 242.
LaTeX Font Info:    Redeclaring math delimiter \langle on input line 244.
LaTeX Font Info:    Redeclaring math delimiter \rbrace on input line 246.
LaTeX Font Info:    Redeclaring math delimiter \lbrace on input line 248.
LaTeX Font Info:    Redeclaring math delimiter \rceil on input line 250.
LaTeX Font Info:    Redeclaring math delimiter \lceil on input line 252.
LaTeX Font Info:    Redeclaring math delimiter \rfloor on input line 254.
LaTeX Font Info:    Redeclaring math delimiter \lfloor on input line 256.
LaTeX Font Info:    Redeclaring math accent \acute on input line 260.
LaTeX Font Info:    Redeclaring math accent \grave on input line 261.
LaTeX Font Info:    Redeclaring math accent \ddot on input line 262.
LaTeX Font Info:    Redeclaring math accent \tilde on input line 263.
LaTeX Font Info:    Redeclaring math accent \bar on input line 264.
LaTeX Font Info:    Redeclaring math accent \breve on input line 265.
LaTeX Font Info:    Redeclaring math accent \check on input line 266.
LaTeX Font Info:    Redeclaring math accent \hat on input line 267.
LaTeX Font Info:    Redeclaring math accent \dot on input line 268.
LaTeX Font Info:    Redeclaring math accent \mathring on input line 269.
\symUfutm=\mathgroup5
)
(/usr/share/texlive/texmf-dist/tex/latex/setspace/setspace.sty
Package: setspace 2011/12/19 v6.7a set line spacing
)
(/usr/share/texlive/texmf-dist/tex/latex/graphics/graphicx.sty
Package: graphicx 2021/09/16 v1.2d Enhanced LaTeX Graphics (DPC,SPQR)

(/usr/share/texlive/texmf-dist/tex/latex/graphics/graphics.sty
Package: graphics 2021/03/04 v1.4d Standard LaTeX Graphics (DPC,SPQR)

(/usr/share/texlive/texmf-dist/tex/latex/graphics/trig.sty
Package: trig 2021/08/11 v1.11 sin cos tan (DPC)
)
(/usr/share/texlive/texmf-dist/tex/latex/graphics-cfg/graphics.cfg
File: graphics.cfg 2016/06/04 v1.11 sample graphics configuration
)
Package graphics Info: Driver file: pdftex.def on input line 107.

(/usr/share/texlive/texmf-dist/tex/latex/graphics-def/pdftex.def
File: pdftex.def 2020/10/05 v1.2a Graphics/color driver for pdftex
))
\Gin@req@height=\dimen148
\Gin@req@width=\dimen149
)
(/usr/share/texlive/texmf-dist/tex/latex/xcolor/xcolor.sty
Package: xcolor 2021/10/31 v2.13 LaTeX color extensions (UK)

(/usr/share/texlive/texmf-dist/tex/latex/graphics-cfg/color.cfg
File: color.cfg 2016/01/02 v1.6 sample color configuration
)
Package xcolor Info: Driver file: pdftex.def on input line 227.
Package xcolor Info: Model `cmy' substituted by `cmy0' on input line 1352.
Package xcolor Info: Model `hsb' substituted by `rgb' on input line 1356.
Package xcolor Info: Model `RGB' extended on input line 1368.
Package xcolor Info: Model `HTML' substituted by `rgb' on input line 1370.
Package xcolor Info: Model `Hsb' substituted by `hsb' on input line 1371.
Package xcolor Info: Model `tHsb' substituted by `hsb' on input line 1372.
Package xcolor Info: Model `HSB' substituted by `hsb' on input line 1373.
Package xcolor Info: Model `Gray' substituted by `gray' on input line 1374.
Package xcolor Info: Model `wave' substituted by `hsb' on input line 1375.

(/usr/share/texlive/texmf-dist/tex/latex/graphics/dvipsnam.def
File: dvipsnam.def 2016/06/17 v3.0m Driver-dependent file (DPC,SPQR)
)
(/usr/share/texlive/texmf-dist/tex/latex/xcolor/x11nam.def
File: x11nam.def 2021/10/31 v2.13 Predefined colors according to Unix/X11 (UK)
))
(/usr/share/texlive/texmf-dist/tex/latex/caption/subcaption.sty
Package: subcaption 2020/10/07 v1.3j Sub-captions (AR)

(/usr/share/texlive/texmf-dist/tex/latex/caption/caption.sty
Package: caption 2020/10/26 v3.5g Customizing captions (AR)

(/usr/share/texlive/texmf-dist/tex/latex/caption/caption3.sty
Package: caption3 2020/10/21 v2.2e caption3 kernel (AR)
\captionmargin=\dimen150
\captionmargin@=\dimen151
\captionwidth=\dimen152
\caption@tempdima=\dimen153
\caption@indent=\dimen154
\caption@parindent=\dimen155
\caption@hangindent=\dimen156
Package caption Info: Standard document class detected.
Package caption Info: french babel package is loaded.
)
\c@caption@flags=\count269
\c@continuedfloat=\count270
)
\c@subfigure=\count271
\c@subtable=\count272
)
(/usr/share/texlive/texmf-dist/tex/latex/booktabs/booktabs.sty
Package: booktabs 2020/01/12 v1.61803398 Publication quality tables
\heavyrulewidth=\dimen157
\lightrulewidth=\dimen158
\cmidrulewidth=\dimen159
\belowrulesep=\dimen160
\belowbottomsep=\dimen161
\aboverulesep=\dimen162
\abovetopsep=\dimen163
\cmidrulesep=\dimen164
\cmidrulekern=\dimen165
\defaultaddspace=\dimen166
\@cmidla=\count273
\@cmidlb=\count274
\@aboverulesep=\dimen167
\@belowrulesep=\dimen168
\@thisruleclass=\count275
\@lastruleclass=\count276
\@thisrulewidth=\dimen169
)
(/usr/share/texlive/texmf-dist/tex/latex/lipsum/lipsum.sty
(/usr/share/texlive/texmf-dist/tex/latex/l3packages/l3keys2e/l3keys2e.sty
(/usr/share/texlive/texmf-dist/tex/latex/l3kernel/expl3.sty
Package: expl3 2022-01-21 L3 programming layer (loader) 

(/usr/share/texlive/texmf-dist/tex/latex/l3backend/l3backend-pdftex.def
File: l3backend-pdftex.def 2022-01-12 L3 backend support: PDF output (pdfTeX)
\l__color_backend_stack_int=\count277
\l__pdf_internal_box=\box50
))
Package: l3keys2e 2022-01-12 LaTeX2e option processing using LaTeX3 keys
)
Package: lipsum 2021-09-20 v2.7 150 paragraphs of Lorem Ipsum dummy text
\g__lipsum_par_int=\count278
\l__lipsum_a_int=\count279
\l__lipsum_b_int=\count280

(/usr/share/texlive/texmf-dist/tex/latex/lipsum/lipsum.ltd.tex))
(/usr/share/texlive/texmf-dist/tex/latex/microtype/microtype.sty
Package: microtype 2021/12/10 v3.0b Micro-typographical refinements (RS)

(/usr/share/texlive/texmf-dist/tex/latex/etoolbox/etoolbox.sty
Package: etoolbox 2020/10/05 v2.5k e-TeX tools for LaTeX (JAW)
\etb@tempcnta=\count281
)
\MT@toks=\toks20
\MT@count=\count282
\MT@tempbox=\box51
LaTeX Info: Redefining \leftprotrusion on input line 1010.
LaTeX Info: Redefining \rightprotrusion on input line 1018.
LaTeX Info: Redefining \textls on input line 1173.
\MT@outer@kern=\dimen170
LaTeX Info: Redefining \textmicrotypecontext on input line 1759.
\MT@listname@count=\count283

(/usr/share/texlive/texmf-dist/tex/latex/microtype/microtype-pdftex.def
File: microtype-pdftex.def 2021/12/10 v3.0b Definitions specific to pdftex (RS)

LaTeX Info: Redefining \lsstyle on input line 897.
LaTeX Info: Redefining \lslig on input line 897.
\MT@outer@space=\skip50
)
Package microtype Info: Loading configuration file microtype.cfg.

(/usr/share/texlive/texmf-dist/tex/latex/microtype/microtype.cfg
File: microtype.cfg 2021/12/10 v3.0b microtype main configuration file (RS)
))
(/usr/share/texlive/texmf-dist/tex/latex/url/url.sty
\Urlmuskip=\muskip16
Package: url 2013/09/16  ver 3.4  Verb mode for urls, etc.
)
(/usr/share/texlive/texmf-dist/tex/latex/pdfpages/pdfpages.sty
Package: pdfpages 2022/01/29 v0.5u Insert pages of external PDF documents (AM)

(/usr/share/texlive/texmf-dist/tex/latex/base/ifthen.sty
Package: ifthen 2020/11/24 v1.1c Standard LaTeX ifthen package (DPC)
)
(/usr/share/texlive/texmf-dist/tex/latex/tools/calc.sty
Package: calc 2017/05/25 v4.3 Infix arithmetic (KKT,FJ)
\calc@Acount=\count284
\calc@Bcount=\count285
\calc@Adimen=\dimen171
\calc@Bdimen=\dimen172
\calc@Askip=\skip51
\calc@Bskip=\skip52
LaTeX Info: Redefining \setlength on input line 80.
LaTeX Info: Redefining \addtolength on input line 81.
\calc@Ccount=\count286
\calc@Cskip=\skip53
)
(/usr/share/texlive/texmf-dist/tex/latex/eso-pic/eso-pic.sty
Package: eso-pic 2020/10/14 v3.0a eso-pic (RN)
\ESO@tempdima=\dimen173
\ESO@tempdimb=\dimen174
)
\AM@pagewidth=\dimen175
\AM@pageheight=\dimen176
\AM@fboxrule=\dimen177

(/usr/share/texlive/texmf-dist/tex/latex/pdfpages/pppdftex.def
File: pppdftex.def 2022/01/29 v0.5u Pdfpages driver for pdfTeX (AM)
)
\pdfpages@includegraphics@status=\count287
\AM@pagebox=\box52
\AM@global@opts=\toks21
\AM@pagecnt=\count288
\AM@toc@title=\toks22
\c@AM@survey=\count289
\AM@templatesizebox=\box53
)
(/usr/share/texlive/texmf-dist/tex/latex/fancyhdr/fancyhdr.sty
Package: fancyhdr 2021/01/28 v4.0.1 Extensive control of page headers and foote
rs
\f@nch@headwidth=\skip54
\f@nch@O@elh=\skip55
\f@nch@O@erh=\skip56
\f@nch@O@olh=\skip57
\f@nch@O@orh=\skip58
\f@nch@O@elf=\skip59
\f@nch@O@erf=\skip60
\f@nch@O@olf=\skip61
\f@nch@O@orf=\skip62
)
(/usr/share/texlive/texmf-dist/tex/latex/listings/listings.sty
\lst@mode=\count290
\lst@gtempboxa=\box54
\lst@token=\toks23
\lst@length=\count291
\lst@currlwidth=\dimen178
\lst@column=\count292
\lst@pos=\count293
\lst@lostspace=\dimen179
\lst@width=\dimen180
\lst@newlines=\count294
\lst@lineno=\count295
\lst@maxwidth=\dimen181

(/usr/share/texlive/texmf-dist/tex/latex/listings/lstmisc.sty
File: lstmisc.sty 2020/03/24 1.8d (Carsten Heinz)
\c@lstnumber=\count296
\lst@skipnumbers=\count297
\lst@framebox=\box55
)
(/usr/share/texlive/texmf-dist/tex/latex/listings/listings.cfg
File: listings.cfg 2020/03/24 1.8d listings configuration
))
Package: listings 2020/03/24 1.8d (Carsten Heinz)

(/usr/share/texlive/texmf-dist/tex/latex/listings/lstlang1.sty
File: lstlang1.sty 2020/03/24 1.8d listings language file
)
(/usr/share/texlive/texmf-dist/tex/latex/listings/lstlang2.sty
File: lstlang2.sty 2020/03/24 1.8d listings language file
)
(/usr/share/texlive/texmf-dist/tex/latex/listings/lstlang3.sty
File: lstlang3.sty 2020/03/24 1.8d listings language file
)
(/usr/share/texlive/texmf-dist/tex/latex/listings/lstlang1.sty
File: lstlang1.sty 2020/03/24 1.8d listings language file
)
(/usr/share/texlive/texmf-dist/tex/latex/listings/lstlang2.sty
File: lstlang2.sty 2020/03/24 1.8d listings language file
)
(/usr/share/texlive/texmf-dist/tex/latex/listings/lstlang3.sty
File: lstlang3.sty 2020/03/24 1.8d listings language file
)
(/usr/share/texlive/texmf-dist/tex/latex/listings/lstlang1.sty
File: lstlang1.sty 2020/03/24 1.8d listings language file
)
(/usr/share/texlive/texmf-dist/tex/latex/listings/lstlang2.sty
File: lstlang2.sty 2020/03/24 1.8d listings language file
)
(/usr/share/texlive/texmf-dist/tex/latex/listings/lstlang3.sty
File: lstlang3.sty 2020/03/24 1.8d listings language file
)
(/usr/share/texlive/texmf-dist/tex/latex/listings/lstmisc.sty
File: lstmisc.sty 2020/03/24 1.8d (Carsten Heinz)
)
(/usr/share/texlive/texmf-dist/tex/latex/hyperref/hyperref.sty
Package: hyperref 2021-06-07 v7.00m Hypertext links for LaTeX

(/usr/share/texlive/texmf-dist/tex/generic/ltxcmds/ltxcmds.sty
Package: ltxcmds 2020-05-10 v1.25 LaTeX kernel commands for general use (HO)
)
(/usr/share/texlive/texmf-dist/tex/generic/pdftexcmds/pdftexcmds.sty
Package: pdftexcmds 2020-06-27 v0.33 Utility functions of pdfTeX for LuaTeX (HO
)

(/usr/share/texlive/texmf-dist/tex/generic/infwarerr/infwarerr.sty
Package: infwarerr 2019/12/03 v1.5 Providing info/warning/error messages (HO)
)
Package pdftexcmds Info: \pdf@primitive is available.
Package pdftexcmds Info: \pdf@ifprimitive is available.
Package pdftexcmds Info: \pdfdraftmode found.
)
(/usr/share/texlive/texmf-dist/tex/generic/kvsetkeys/kvsetkeys.sty
Package: kvsetkeys 2019/12/15 v1.18 Key value parser (HO)
)
(/usr/share/texlive/texmf-dist/tex/generic/kvdefinekeys/kvdefinekeys.sty
Package: kvdefinekeys 2019-12-19 v1.6 Define keys (HO)
)
(/usr/share/texlive/texmf-dist/tex/generic/pdfescape/pdfescape.sty
Package: pdfescape 2019/12/09 v1.15 Implements pdfTeX's escape features (HO)
)
(/usr/share/texlive/texmf-dist/tex/latex/hycolor/hycolor.sty
Package: hycolor 2020-01-27 v1.10 Color options for hyperref/bookmark (HO)
)
(/usr/share/texlive/texmf-dist/tex/latex/letltxmacro/letltxmacro.sty
Package: letltxmacro 2019/12/03 v1.6 Let assignment for LaTeX macros (HO)
)
(/usr/share/texlive/texmf-dist/tex/latex/auxhook/auxhook.sty
Package: auxhook 2019-12-17 v1.6 Hooks for auxiliary files (HO)
)
(/usr/share/texlive/texmf-dist/tex/latex/kvoptions/kvoptions.sty
Package: kvoptions 2020-10-07 v3.14 Key value format for package options (HO)
)
\@linkdim=\dimen182
\Hy@linkcounter=\count298
\Hy@pagecounter=\count299

(/usr/share/texlive/texmf-dist/tex/latex/hyperref/pd1enc.def
File: pd1enc.def 2021-06-07 v7.00m Hyperref: PDFDocEncoding definition (HO)
Now handling font encoding PD1 ...
... no UTF-8 mapping file for font encoding PD1
)
(/usr/share/texlive/texmf-dist/tex/latex/hyperref/hyperref-langpatches.def
File: hyperref-langpatches.def 2021-06-07 v7.00m Hyperref: patches for babel la
nguages
)
(/usr/share/texlive/texmf-dist/tex/generic/intcalc/intcalc.sty
Package: intcalc 2019/12/15 v1.3 Expandable calculations with integers (HO)
)
(/usr/share/texlive/texmf-dist/tex/generic/etexcmds/etexcmds.sty
Package: etexcmds 2019/12/15 v1.7 Avoid name clashes with e-TeX commands (HO)
)
\Hy@SavedSpaceFactor=\count300

(/usr/share/texlive/texmf-dist/tex/latex/hyperref/puenc.def
File: puenc.def 2021-06-07 v7.00m Hyperref: PDF Unicode definition (HO)
Now handling font encoding PU ...
... no UTF-8 mapping file for font encoding PU
)
Package hyperref Info: Hyper figures OFF on input line 4192.
Package hyperref Info: Link nesting OFF on input line 4197.
Package hyperref Info: Hyper index ON on input line 4200.
Package hyperref Info: Plain pages OFF on input line 4207.
Package hyperref Info: Backreferencing OFF on input line 4212.
Package hyperref Info: Implicit mode ON; LaTeX internals redefined.
Package hyperref Info: Bookmarks ON on input line 4445.
\c@Hy@tempcnt=\count301
LaTeX Info: Redefining \url on input line 4804.
\XeTeXLinkMargin=\dimen183

(/usr/share/texlive/texmf-dist/tex/generic/bitset/bitset.sty
Package: bitset 2019/12/09 v1.3 Handle bit-vector datatype (HO)

(/usr/share/texlive/texmf-dist/tex/generic/bigintcalc/bigintcalc.sty
Package: bigintcalc 2019/12/15 v1.5 Expandable calculations on big integers (HO
)
))
\Fld@menulength=\count302
\Field@Width=\dimen184
\Fld@charsize=\dimen185
Package hyperref Info: Hyper figures OFF on input line 6076.
Package hyperref Info: Link nesting OFF on input line 6081.
Package hyperref Info: Hyper index ON on input line 6084.
Package hyperref Info: backreferencing OFF on input line 6091.
Package hyperref Info: Link coloring OFF on input line 6096.
Package hyperref Info: Link coloring with OCG OFF on input line 6101.
Package hyperref Info: PDF/A mode OFF on input line 6106.
LaTeX Info: Redefining \ref on input line 6146.
LaTeX Info: Redefining \pageref on input line 6150.

(/usr/share/texlive/texmf-dist/tex/latex/base/atbegshi-ltx.sty
Package: atbegshi-ltx 2021/01/10 v1.0c Emulation of the original atbegshi
package with kernel methods
)
\Hy@abspage=\count303
\c@Item=\count304
\c@Hfootnote=\count305
)
Package hyperref Info: Driver (autodetected): hpdftex.

(/usr/share/texlive/texmf-dist/tex/latex/hyperref/hpdftex.def
File: hpdftex.def 2021-06-07 v7.00m Hyperref driver for pdfTeX

(/usr/share/texlive/texmf-dist/tex/latex/base/atveryend-ltx.sty
Package: atveryend-ltx 2020/08/19 v1.0a Emulation of the original atveryend pac
kage
with kernel methods
)
\Fld@listcount=\count306
\c@bookmark@seq@number=\count307

(/usr/share/texlive/texmf-dist/tex/latex/rerunfilecheck/rerunfilecheck.sty
Package: rerunfilecheck 2019/12/05 v1.9 Rerun checks for auxiliary files (HO)

(/usr/share/texlive/texmf-dist/tex/generic/uniquecounter/uniquecounter.sty
Package: uniquecounter 2019/12/15 v1.4 Provide unlimited unique counter (HO)
)
Package uniquecounter Info: New unique counter `rerunfilecheck' on input line 2
86.
)
\Hy@SectionHShift=\skip63
)
Package hyperref Info: Option `colorlinks' set `true' on input line 63.

(/usr/share/texlive/texmf-dist/tex/latex/pgf/frontendlayer/tikz.sty
(/usr/share/texlive/texmf-dist/tex/latex/pgf/basiclayer/pgf.sty
(/usr/share/texlive/texmf-dist/tex/latex/pgf/utilities/pgfrcs.sty
(/usr/share/texlive/texmf-dist/tex/generic/pgf/utilities/pgfutil-common.tex
\pgfutil@everybye=\toks24
\pgfutil@tempdima=\dimen186
\pgfutil@tempdimb=\dimen187

(/usr/share/texlive/texmf-dist/tex/generic/pgf/utilities/pgfutil-common-lists.t
ex)) (/usr/share/texlive/texmf-dist/tex/generic/pgf/utilities/pgfutil-latex.def
\pgfutil@abb=\box56
) (/usr/share/texlive/texmf-dist/tex/generic/pgf/utilities/pgfrcs.code.tex
(/usr/share/texlive/texmf-dist/tex/generic/pgf/pgf.revision.tex)
Package: pgfrcs 2021/05/15 v3.1.9a (3.1.9a)
))
Package: pgf 2021/05/15 v3.1.9a (3.1.9a)

(/usr/share/texlive/texmf-dist/tex/latex/pgf/basiclayer/pgfcore.sty
(/usr/share/texlive/texmf-dist/tex/latex/pgf/systemlayer/pgfsys.sty
(/usr/share/texlive/texmf-dist/tex/generic/pgf/systemlayer/pgfsys.code.tex
Package: pgfsys 2021/05/15 v3.1.9a (3.1.9a)

(/usr/share/texlive/texmf-dist/tex/generic/pgf/utilities/pgfkeys.code.tex
\pgfkeys@pathtoks=\toks25
\pgfkeys@temptoks=\toks26

(/usr/share/texlive/texmf-dist/tex/generic/pgf/utilities/pgfkeysfiltered.code.t
ex
\pgfkeys@tmptoks=\toks27
))
\pgf@x=\dimen188
\pgf@y=\dimen189
\pgf@xa=\dimen190
\pgf@ya=\dimen191
\pgf@xb=\dimen192
\pgf@yb=\dimen193
\pgf@xc=\dimen194
\pgf@yc=\dimen195
\pgf@xd=\dimen196
\pgf@yd=\dimen197
\w@pgf@writea=\write3
\r@pgf@reada=\read3
\c@pgf@counta=\count308
\c@pgf@countb=\count309
\c@pgf@countc=\count310
\c@pgf@countd=\count311
\t@pgf@toka=\toks28
\t@pgf@tokb=\toks29
\t@pgf@tokc=\toks30
\pgf@sys@id@count=\count312
 (/usr/share/texlive/texmf-dist/tex/generic/pgf/systemlayer/pgf.cfg
File: pgf.cfg 2021/05/15 v3.1.9a (3.1.9a)
)
Driver file for pgf: pgfsys-pdftex.def

(/usr/share/texlive/texmf-dist/tex/generic/pgf/systemlayer/pgfsys-pdftex.def
File: pgfsys-pdftex.def 2021/05/15 v3.1.9a (3.1.9a)

(/usr/share/texlive/texmf-dist/tex/generic/pgf/systemlayer/pgfsys-common-pdf.de
f
File: pgfsys-common-pdf.def 2021/05/15 v3.1.9a (3.1.9a)
)))
(/usr/share/texlive/texmf-dist/tex/generic/pgf/systemlayer/pgfsyssoftpath.code.
tex
File: pgfsyssoftpath.code.tex 2021/05/15 v3.1.9a (3.1.9a)
\pgfsyssoftpath@smallbuffer@items=\count313
\pgfsyssoftpath@bigbuffer@items=\count314
)
(/usr/share/texlive/texmf-dist/tex/generic/pgf/systemlayer/pgfsysprotocol.code.
tex
File: pgfsysprotocol.code.tex 2021/05/15 v3.1.9a (3.1.9a)
))
(/usr/share/texlive/texmf-dist/tex/generic/pgf/basiclayer/pgfcore.code.tex
Package: pgfcore 2021/05/15 v3.1.9a (3.1.9a)

(/usr/share/texlive/texmf-dist/tex/generic/pgf/math/pgfmath.code.tex
(/usr/share/texlive/texmf-dist/tex/generic/pgf/math/pgfmathcalc.code.tex
(/usr/share/texlive/texmf-dist/tex/generic/pgf/math/pgfmathutil.code.tex)
(/usr/share/texlive/texmf-dist/tex/generic/pgf/math/pgfmathparser.code.tex
\pgfmath@dimen=\dimen198
\pgfmath@count=\count315
\pgfmath@box=\box57
\pgfmath@toks=\toks31
\pgfmath@stack@operand=\toks32
\pgfmath@stack@operation=\toks33
)
(/usr/share/texlive/texmf-dist/tex/generic/pgf/math/pgfmathfunctions.code.tex
(/usr/share/texlive/texmf-dist/tex/generic/pgf/math/pgfmathfunctions.basic.code
.tex)
(/usr/share/texlive/texmf-dist/tex/generic/pgf/math/pgfmathfunctions.trigonomet
ric.code.tex)
(/usr/share/texlive/texmf-dist/tex/generic/pgf/math/pgfmathfunctions.random.cod
e.tex)
(/usr/share/texlive/texmf-dist/tex/generic/pgf/math/pgfmathfunctions.comparison
.code.tex)
(/usr/share/texlive/texmf-dist/tex/generic/pgf/math/pgfmathfunctions.base.code.
tex)
(/usr/share/texlive/texmf-dist/tex/generic/pgf/math/pgfmathfunctions.round.code
.tex)
(/usr/share/texlive/texmf-dist/tex/generic/pgf/math/pgfmathfunctions.misc.code.
tex)
(/usr/share/texlive/texmf-dist/tex/generic/pgf/math/pgfmathfunctions.integerari
thmetics.code.tex)))
(/usr/share/texlive/texmf-dist/tex/generic/pgf/math/pgfmathfloat.code.tex
\c@pgfmathroundto@lastzeros=\count316
))
(/usr/share/texlive/texmf-dist/tex/generic/pgf/math/pgfint.code.tex)
(/usr/share/texlive/texmf-dist/tex/generic/pgf/basiclayer/pgfcorepoints.code.te
x
File: pgfcorepoints.code.tex 2021/05/15 v3.1.9a (3.1.9a)
\pgf@picminx=\dimen199
\pgf@picmaxx=\dimen256
\pgf@picminy=\dimen257
\pgf@picmaxy=\dimen258
\pgf@pathminx=\dimen259
\pgf@pathmaxx=\dimen260
\pgf@pathminy=\dimen261
\pgf@pathmaxy=\dimen262
\pgf@xx=\dimen263
\pgf@xy=\dimen264
\pgf@yx=\dimen265
\pgf@yy=\dimen266
\pgf@zx=\dimen267
\pgf@zy=\dimen268
)
(/usr/share/texlive/texmf-dist/tex/generic/pgf/basiclayer/pgfcorepathconstruct.
code.tex
File: pgfcorepathconstruct.code.tex 2021/05/15 v3.1.9a (3.1.9a)
\pgf@path@lastx=\dimen269
\pgf@path@lasty=\dimen270
)
(/usr/share/texlive/texmf-dist/tex/generic/pgf/basiclayer/pgfcorepathusage.code
.tex
File: pgfcorepathusage.code.tex 2021/05/15 v3.1.9a (3.1.9a)
\pgf@shorten@end@additional=\dimen271
\pgf@shorten@start@additional=\dimen272
)
(/usr/share/texlive/texmf-dist/tex/generic/pgf/basiclayer/pgfcorescopes.code.te
x
File: pgfcorescopes.code.tex 2021/05/15 v3.1.9a (3.1.9a)
\pgfpic=\box58
\pgf@hbox=\box59
\pgf@layerbox@main=\box60
\pgf@picture@serial@count=\count317
)
(/usr/share/texlive/texmf-dist/tex/generic/pgf/basiclayer/pgfcoregraphicstate.c
ode.tex
File: pgfcoregraphicstate.code.tex 2021/05/15 v3.1.9a (3.1.9a)
\pgflinewidth=\dimen273
)
(/usr/share/texlive/texmf-dist/tex/generic/pgf/basiclayer/pgfcoretransformation
s.code.tex
File: pgfcoretransformations.code.tex 2021/05/15 v3.1.9a (3.1.9a)
\pgf@pt@x=\dimen274
\pgf@pt@y=\dimen275
\pgf@pt@temp=\dimen276
)
(/usr/share/texlive/texmf-dist/tex/generic/pgf/basiclayer/pgfcorequick.code.tex
File: pgfcorequick.code.tex 2021/05/15 v3.1.9a (3.1.9a)
)
(/usr/share/texlive/texmf-dist/tex/generic/pgf/basiclayer/pgfcoreobjects.code.t
ex
File: pgfcoreobjects.code.tex 2021/05/15 v3.1.9a (3.1.9a)
)
(/usr/share/texlive/texmf-dist/tex/generic/pgf/basiclayer/pgfcorepathprocessing
.code.tex
File: pgfcorepathprocessing.code.tex 2021/05/15 v3.1.9a (3.1.9a)
)
(/usr/share/texlive/texmf-dist/tex/generic/pgf/basiclayer/pgfcorearrows.code.te
x
File: pgfcorearrows.code.tex 2021/05/15 v3.1.9a (3.1.9a)
\pgfarrowsep=\dimen277
)
(/usr/share/texlive/texmf-dist/tex/generic/pgf/basiclayer/pgfcoreshade.code.tex
File: pgfcoreshade.code.tex 2021/05/15 v3.1.9a (3.1.9a)
\pgf@max=\dimen278
\pgf@sys@shading@range@num=\count318
\pgf@shadingcount=\count319
)
(/usr/share/texlive/texmf-dist/tex/generic/pgf/basiclayer/pgfcoreimage.code.tex
File: pgfcoreimage.code.tex 2021/05/15 v3.1.9a (3.1.9a)

(/usr/share/texlive/texmf-dist/tex/generic/pgf/basiclayer/pgfcoreexternal.code.
tex
File: pgfcoreexternal.code.tex 2021/05/15 v3.1.9a (3.1.9a)
\pgfexternal@startupbox=\box61
))
(/usr/share/texlive/texmf-dist/tex/generic/pgf/basiclayer/pgfcorelayers.code.te
x
File: pgfcorelayers.code.tex 2021/05/15 v3.1.9a (3.1.9a)
)
(/usr/share/texlive/texmf-dist/tex/generic/pgf/basiclayer/pgfcoretransparency.c
ode.tex
File: pgfcoretransparency.code.tex 2021/05/15 v3.1.9a (3.1.9a)
)
(/usr/share/texlive/texmf-dist/tex/generic/pgf/basiclayer/pgfcorepatterns.code.
tex
File: pgfcorepatterns.code.tex 2021/05/15 v3.1.9a (3.1.9a)
)
(/usr/share/texlive/texmf-dist/tex/generic/pgf/basiclayer/pgfcorerdf.code.tex
File: pgfcorerdf.code.tex 2021/05/15 v3.1.9a (3.1.9a)
)))
(/usr/share/texlive/texmf-dist/tex/generic/pgf/modules/pgfmoduleshapes.code.tex
File: pgfmoduleshapes.code.tex 2021/05/15 v3.1.9a (3.1.9a)
\pgfnodeparttextbox=\box62
) (/usr/share/texlive/texmf-dist/tex/generic/pgf/modules/pgfmoduleplot.code.tex
File: pgfmoduleplot.code.tex 2021/05/15 v3.1.9a (3.1.9a)
)
(/usr/share/texlive/texmf-dist/tex/latex/pgf/compatibility/pgfcomp-version-0-65
.sty
Package: pgfcomp-version-0-65 2021/05/15 v3.1.9a (3.1.9a)
\pgf@nodesepstart=\dimen279
\pgf@nodesepend=\dimen280
)
(/usr/share/texlive/texmf-dist/tex/latex/pgf/compatibility/pgfcomp-version-1-18
.sty
Package: pgfcomp-version-1-18 2021/05/15 v3.1.9a (3.1.9a)
)) (/usr/share/texlive/texmf-dist/tex/latex/pgf/utilities/pgffor.sty
(/usr/share/texlive/texmf-dist/tex/latex/pgf/utilities/pgfkeys.sty
(/usr/share/texlive/texmf-dist/tex/generic/pgf/utilities/pgfkeys.code.tex))
(/usr/share/texlive/texmf-dist/tex/latex/pgf/math/pgfmath.sty
(/usr/share/texlive/texmf-dist/tex/generic/pgf/math/pgfmath.code.tex))
(/usr/share/texlive/texmf-dist/tex/generic/pgf/utilities/pgffor.code.tex
Package: pgffor 2021/05/15 v3.1.9a (3.1.9a)

(/usr/share/texlive/texmf-dist/tex/generic/pgf/math/pgfmath.code.tex)
\pgffor@iter=\dimen281
\pgffor@skip=\dimen282
\pgffor@stack=\toks34
\pgffor@toks=\toks35
))
(/usr/share/texlive/texmf-dist/tex/generic/pgf/frontendlayer/tikz/tikz.code.tex
Package: tikz 2021/05/15 v3.1.9a (3.1.9a)

(/usr/share/texlive/texmf-dist/tex/generic/pgf/libraries/pgflibraryplothandlers
.code.tex
File: pgflibraryplothandlers.code.tex 2021/05/15 v3.1.9a (3.1.9a)
\pgf@plot@mark@count=\count320
\pgfplotmarksize=\dimen283
)
\tikz@lastx=\dimen284
\tikz@lasty=\dimen285
\tikz@lastxsaved=\dimen286
\tikz@lastysaved=\dimen287
\tikz@lastmovetox=\dimen288
\tikz@lastmovetoy=\dimen289
\tikzleveldistance=\dimen290
\tikzsiblingdistance=\dimen291
\tikz@figbox=\box63
\tikz@figbox@bg=\box64
\tikz@tempbox=\box65
\tikz@tempbox@bg=\box66
\tikztreelevel=\count321
\tikznumberofchildren=\count322
\tikznumberofcurrentchild=\count323
\tikz@fig@count=\count324

(/usr/share/texlive/texmf-dist/tex/generic/pgf/modules/pgfmodulematrix.code.tex
File: pgfmodulematrix.code.tex 2021/05/15 v3.1.9a (3.1.9a)
\pgfmatrixcurrentrow=\count325
\pgfmatrixcurrentcolumn=\count326
\pgf@matrix@numberofcolumns=\count327
)
\tikz@expandcount=\count328

(/usr/share/texlive/texmf-dist/tex/generic/pgf/frontendlayer/tikz/libraries/tik
zlibrarytopaths.code.tex
File: tikzlibrarytopaths.code.tex 2021/05/15 v3.1.9a (3.1.9a)
)))
(/usr/share/texlive/texmf-dist/tex/latex/titlesec/titlesec.sty
Package: titlesec 2021/07/05 v2.14 Sectioning titles
\ttl@box=\box67
\beforetitleunit=\skip64
\aftertitleunit=\skip65
\ttl@plus=\dimen292
\ttl@minus=\dimen293
\ttl@toksa=\toks36
\titlewidth=\dimen294
\titlewidthlast=\dimen295
\titlewidthfirst=\dimen296
)
\c@myparts=\count329

(/usr/share/texlive/texmf-dist/tex/latex/amsmath/amsmath.sty
Package: amsmath 2021/10/15 v2.17l AMS math features
\@mathmargin=\skip66

For additional information on amsmath, use the `?' option.
(/usr/share/texlive/texmf-dist/tex/latex/amsmath/amstext.sty
Package: amstext 2021/08/26 v2.01 AMS text

(/usr/share/texlive/texmf-dist/tex/latex/amsmath/amsgen.sty
File: amsgen.sty 1999/11/30 v2.0 generic functions
\@emptytoks=\toks37
\ex@=\dimen297
))
(/usr/share/texlive/texmf-dist/tex/latex/amsmath/amsbsy.sty
Package: amsbsy 1999/11/29 v1.2d Bold Symbols
\pmbraise@=\dimen298
)
(/usr/share/texlive/texmf-dist/tex/latex/amsmath/amsopn.sty
Package: amsopn 2021/08/26 v2.02 operator names
)
\inf@bad=\count330
LaTeX Info: Redefining \frac on input line 234.
\uproot@=\count331
\leftroot@=\count332
LaTeX Info: Redefining \overline on input line 399.
\classnum@=\count333
\DOTSCASE@=\count334
LaTeX Info: Redefining \ldots on input line 496.
LaTeX Info: Redefining \dots on input line 499.
LaTeX Info: Redefining \cdots on input line 620.
\Mathstrutbox@=\box68
\strutbox@=\box69
\big@size=\dimen299
LaTeX Font Info:    Redeclaring font encoding OML on input line 743.
LaTeX Font Info:    Redeclaring font encoding OMS on input line 744.
\macc@depth=\count335
\c@MaxMatrixCols=\count336
\dotsspace@=\muskip17
\c@parentequation=\count337
\dspbrk@lvl=\count338
\tag@help=\toks38
\row@=\count339
\column@=\count340
\maxfields@=\count341
\andhelp@=\toks39
\eqnshift@=\dimen300
\alignsep@=\dimen301
\tagshift@=\dimen302
\tagwidth@=\dimen303
\totwidth@=\dimen304
\lineht@=\dimen305
\@envbody=\toks40
\multlinegap=\skip67
\multlinetaggap=\skip68
\mathdisplay@stack=\toks41
LaTeX Info: Redefining \[ on input line 2938.
LaTeX Info: Redefining \] on input line 2939.
))
(/usr/share/texlive/texmf-dist/tex/latex/subfiles/subfiles.sty
Package: subfiles 2020/11/14 v2.2 Multi-file projects (package)

(/usr/share/texlive/texmf-dist/tex/latex/import/import.sty
Package: import 2020/04/01  v 6.2
))
(./settings/custom.tex
(/usr/share/texlive/texmf-dist/tex/latex/mhchem/mhchem.sty
Package: mhchem 2021/12/31 v4.09 for typesetting chemical formulae

(/usr/share/texlive/texmf-dist/tex/latex/chemgreek/chemgreek.sty
(/usr/share/texlive/texmf-dist/tex/latex/l3packages/xparse/xparse.sty
Package: xparse 2022-01-12 L3 Experimental document command parser
)
Package: chemgreek 2020/01/16 v1.1a interface for upright Greek letters for use
 in chemistry (CN)
\l__chemgreek_tmpa_int=\count342
\g__chemgreek_tmpa_int=\count343
)
\l__mhchem_ce_distanceFromLastComma_int=\count344
\__mhchem_arrow_extPgfLength_skip=\skip69
\mhchem@minispace@tmp=\skip70
\mhchem@minibackspace@tmp=\skip71
\mhchem@bondwidth=\skip72
\mhchem@bondheight=\skip73
\mhchem@smallbondwidth@tmpA=\skip74
\mhchem@smallbondwidth@tmpB=\skip75
\mhchem@smallbondwidth=\skip76
\mhchem@bondtmp@minussidebearingleft=\skip77
\mhchem@bondtmp@minussidebearingright=\skip78
\l__mhchem_option_version_int=\count345
\mhchem@option@minusmathsidebearingleft=\dimen306
\mhchem@option@minusmathsidebearingright=\dimen307
\mhchem@option@minustextsidebearingleft=\dimen308
\mhchem@option@minustextsidebearingright=\dimen309
)
(/usr/share/texlive/texmf-dist/tex/latex/xymtex/chemist/chemist.sty
Package `chemist' (ver5.01) <June 6, 2013> [SF]
chemist.sty ver5.01 (for LaTeX2e) 2013/06/06[SF]
\c@compd=\count346
\c@deriv=\count347
\reactarrowsep=\dimen310
\verbatimleftmargin=\dimen311
\verbatimbaselineskip=\dimen312
\hsgr@d=\dimen313
\vsgr@d=\dimen314
\vwgr@d=\dimen315
\hwgr@d=\dimen316
\vsepgr@d=\dimen317
\hsepgr@d=\dimen318
\nrep=\count348
\nrepmax=\count349
\ybaselineshift=\dimen319
\tbaselineshift=\dimen320
\@savetbaselineshift=\dimen321
LaTeX Info: Redefining \rm on input line 788.
LaTeX Info: Redefining \mathversion on input line 892.
\c@mv@chem=\count350
LaTeX Font Info:    Encoding `FML' has changed to `OT1' for symbol font
(Font)              `letters' in the math version `chem' on input line 965.
LaTeX Font Info:    Overwriting symbol font `letters' in version `chem'
(Font)                  FML/futmi/m/it --> OT1/cmr/m/n on input line 965.
LaTeX Font Info:    Encoding `T1' has changed to `OT1' for symbol font
(Font)              `operators' in the math version `chem' on input line 965.
LaTeX Font Info:    Overwriting symbol font `operators' in version `chem'
(Font)                  T1/futs/m/n --> OT1/cmr/m/n on input line 965.
LaTeX Font Info:    Encoding `FMS' has changed to `OMS' for symbol font
(Font)              `symbols' in the math version `chem' on input line 965.
LaTeX Font Info:    Overwriting symbol font `symbols' in version `chem'
(Font)                  FMS/futm/m/n --> OMS/cmsy/m/n on input line 965.
\c@mv@boldchem=\count351
LaTeX Font Info:    Encoding `T1' has changed to `OT1' for symbol font
(Font)              `operators' in the math version `boldchem' on input line 96
5.
LaTeX Font Info:    Overwriting symbol font `operators' in version `boldchem'
(Font)                  T1/futs/m/n --> OT1/cmr/bx/n on input line 965.
LaTeX Font Info:    Encoding `FML' has changed to `OT1' for symbol font
(Font)              `letters' in the math version `boldchem' on input line 965.

LaTeX Font Info:    Overwriting symbol font `letters' in version `boldchem'
(Font)                  FML/futmi/m/it --> OT1/cmr/b/n on input line 965.
LaTeX Font Info:    Encoding `FMS' has changed to `OMS' for symbol font
(Font)              `symbols' in the math version `boldchem' on input line 965.

LaTeX Font Info:    Overwriting symbol font `symbols' in version `boldchem'
(Font)                  FMS/futm/m/n --> OMS/cmsy/b/n on input line 965.
\TestCount=\count352
(/usr/share/texlive/texmf-dist/tex/latex/xymtex/chemist/assurechemist.sty
Part of XyMTeX for Drawing Chemical Structural Formulas. Version 5.00
 -- Released October 01, 2010 by Shinsaku Fujita
XyMTeX Macro File `assurechemist' (ver5.00) <October 01, 2010> [SF]
)) (/usr/share/texlive/texmf-dist/tex/generic/chemfig/chemfig.sty
(/usr/share/texlive/texmf-dist/tex/generic/chemfig/chemfig.tex
(/usr/share/texlive/texmf-dist/tex/generic/simplekv/simplekv.tex
Package: simplekv 2020/04/27 v0.2 Simple keyval package (CT)
)
(/usr/share/texlive/texmf-dist/tex/generic/pgf/libraries/pgflibraryarrows.meta.
code.tex
File: pgflibraryarrows.meta.code.tex 2021/05/15 v3.1.9a (3.1.9a)
\pgfarrowinset=\dimen322
\pgfarrowlength=\dimen323
\pgfarrowwidth=\dimen324
\pgfarrowlinewidth=\dimen325
)
\CF_cntatomgroup=\count353
\CF_cntgroup=\count354
\CF_cntatom=\count355
\CF_cntcycle=\count356
\CF_cntcyclebonds=\count357
\CF_cntcompound=\count358
\CF_dim=\dimen326
\CF_arrowsize=\dimen327
\CF_zero=\dimen328
\CF_box=\box70
\CF_boxstuff=\box71
\CF_testbox=\box72
\CF_chargebox=\box73
\CF_substtoks=\toks42
)
Package: chemfig 2021/08/01 v1.6b Draw molecule with an easy syntax (CT)
) (/usr/share/texlive/texmf-dist/tex/latex/acronym/acronym.sty
Package: acronym 2020/04/17 v1.47 Support for acronyms (Tobias Oetiker)

(/usr/share/texlive/texmf-dist/tex/latex/bigfoot/suffix.sty
Package: suffix 2006/07/15 1.5a Variant command support
)
(/usr/share/texlive/texmf-dist/tex/generic/xstring/xstring.sty
(/usr/share/texlive/texmf-dist/tex/generic/xstring/xstring.tex
\integerpart=\count359
\decimalpart=\count360
)
Package: xstring 2021/07/21 v1.84 String manipulations (CT)
)
\AC@clearlist=\toks43
)
(/usr/share/texlive/texmf-dist/tex/latex/svg/svg.sty
Package: svg 2020/11/26 v2.02k (include SVG pictures)

(/usr/share/texlive/texmf-dist/tex/latex/koma-script/scrbase.sty
Package: scrbase 2021/11/13 v3.35 KOMA-Script package (KOMA-Script-independent 
basics and keyval usage)

(/usr/share/texlive/texmf-dist/tex/latex/koma-script/scrlfile.sty
Package: scrlfile 2021/11/13 v3.35 KOMA-Script package (file load hooks)

(/usr/share/texlive/texmf-dist/tex/latex/koma-script/scrlfile-hook.sty
Package: scrlfile-hook 2021/11/13 v3.35 KOMA-Script package (using LaTeX hooks)


(/usr/share/texlive/texmf-dist/tex/latex/koma-script/scrlogo.sty
Package: scrlogo 2021/11/13 v3.35 KOMA-Script package (logo)
)))
Applying: [2021/05/01] Usage of raw or classic option list on input line 252.
Already applied: [0000/00/00] Usage of raw or classic option list on input line
 368.
)
(/usr/share/texlive/texmf-dist/tex/latex/trimspaces/trimspaces.sty
Package: trimspaces 2009/09/17 v1.1 Trim spaces around a token list
)
(/usr/share/texlive/texmf-dist/tex/latex/tools/shellesc.sty
Package: shellesc 2019/11/08 v1.0c unified shell escape interface for LaTeX
Package shellesc Info: Unrestricted shell escape enabled on input line 75.
)
(/usr/share/texlive/texmf-dist/tex/latex/ifplatform/ifplatform.sty
Package: ifplatform 2017/10/13 v0.4a Testing for the operating system

(/usr/share/texlive/texmf-dist/tex/generic/catchfile/catchfile.sty
Package: catchfile 2019/12/09 v1.8 Catch the contents of a file (HO)
)
(/usr/share/texlive/texmf-dist/tex/generic/iftex/ifluatex.sty
Package: ifluatex 2019/10/25 v1.5 ifluatex legacy package. Use iftex instead.
)
runsystem(uname -s > "main.w18")...executed.

 (./main.w18)
runsystem(rm -- "main.w18")...executed.

)
\c@svg@param@lastpage=\count361
\svg@box=\box74
\c@svg@param@currpage=\count362
)
(/usr/share/texlive/texmf-dist/tex/latex/transparent/transparent.sty
Package: transparent 2019/11/29 v1.4 Transparency via pdfTeX's color stack (HO)

)
(/usr/share/texlive/texmf-dist/tex/latex/sttools/stfloats.sty
Package: stfloats 2017/03/27 v3.3 Improve float mechanism and baselineskip sett
ings
\@dblbotnum=\count363
\c@dblbotnumber=\count364
)
(/usr/share/texlive/texmf-dist/tex/latex/enumitem/enumitem.sty
Package: enumitem 2019/06/20 v3.9 Customized lists
\labelindent=\skip79
\enit@outerparindent=\dimen329
\enit@toks=\toks44
\enit@inbox=\box75
\enit@count@id=\count365
\enitdp@description=\count366
)
(/usr/share/texlive/texmf-dist/tex/latex/psnfss/pifont.sty
Package: pifont 2020/03/25 PSNFSS-v9.3 Pi font support (SPQR) 
LaTeX Font Info:    Trying to load font information for U+pzd on input line 63.


(/usr/share/texlive/texmf-dist/tex/latex/psnfss/upzd.fd
File: upzd.fd 2001/06/04 font definitions for U/pzd.
)
LaTeX Font Info:    Trying to load font information for U+psy on input line 64.


(/usr/share/texlive/texmf-dist/tex/latex/psnfss/upsy.fd
File: upsy.fd 2001/06/04 font definitions for U/psy.
))
(/usr/share/texlive/texmf-dist/tex/latex/orcidlink/orcidlink.sty
Package: orcidlink 2021/06/11 v1.0.4 Linked ORCiD logo macro package

(/usr/share/texlive/texmf-dist/tex/generic/pgf/frontendlayer/tikz/libraries/tik
zlibrarysvg.path.code.tex
File: tikzlibrarysvg.path.code.tex 2021/05/15 v3.1.9a (3.1.9a)

(/usr/share/texlive/texmf-dist/tex/generic/pgf/libraries/pgflibrarysvg.path.cod
e.tex
File: pgflibrarysvg.path.code.tex 2021/05/15 v3.1.9a (3.1.9a)

(/usr/share/texlive/texmf-dist/tex/generic/pgf/modules/pgfmoduleparser.code.tex
File: pgfmoduleparser.code.tex 2021/05/15 v3.1.9a (3.1.9a)
\pgfparserdef@arg@count=\count367
)
\pgf@lib@svg@last@x=\dimen330
\pgf@lib@svg@last@y=\dimen331
\pgf@lib@svg@last@c@x=\dimen332
\pgf@lib@svg@last@c@y=\dimen333
\pgf@lib@svg@count=\count368
\pgf@lib@svg@max@num=\count369
))
\@curXheight=\skip80
) (/usr/share/texlive/texmf-dist/tex/latex/amsfonts/amsfonts.sty
Package: amsfonts 2013/01/14 v3.01 Basic AMSFonts support
\symAMSa=\mathgroup6
\symAMSb=\mathgroup7
LaTeX Font Info:    Overwriting math alphabet `\mathfrak' in version `bold'
(Font)                  U/euf/m/n --> U/euf/b/n on input line 106.
LaTeX Font Info:    Redeclaring math symbol \square on input line 141.
)
(/usr/share/texlive/texmf-dist/tex/latex/algorithms/algorithmic.sty
Package: algorithmic 2009/08/24 v0.1 Document Style `algorithmic'
\c@ALC@unique=\count370
\c@ALC@line=\count371
\c@ALC@rem=\count372
\c@ALC@depth=\count373
\ALC@tlm=\skip81
\algorithmicindent=\skip82
)
(/usr/share/texlive/texmf-dist/tex/latex/tools/array.sty
Package: array 2021/10/04 v2.5f Tabular extension package (FMi)
\col@sep=\dimen334
\ar@mcellbox=\box76
\extrarowheight=\dimen335
\NC@list=\toks45
\extratabsurround=\skip83
\backup@length=\skip84
\ar@cellbox=\box77
)
(/usr/share/texlive/texmf-dist/tex/latex/siunitx/siunitx.sty
Package: siunitx 2022-02-02 v3.0.46 A comprehensive (SI) units package
\l__siunitx_angle_tmp_dim=\dimen336
\l__siunitx_angle_marker_box=\box78
\l__siunitx_angle_unit_box=\box79
\l__siunitx_compound_count_int=\count374

(/usr/share/texlive/texmf-dist/tex/latex/translations/translations.sty
Package: translations 2022/01/04 v1.11 internationalization of LaTeX2e packages
 (CN)
)
\l__siunitx_number_exponent_fixed_int=\count375
\l__siunitx_number_min_decimal_int=\count376
\l__siunitx_number_min_integer_int=\count377
\l__siunitx_number_round_precision_int=\count378
\l__siunitx_number_group_minimum_int=\count379
\l__siunitx_table_tmp_box=\box80
\l__siunitx_table_tmp_dim=\dimen337
\l__siunitx_table_column_width_dim=\dimen338
\l__siunitx_table_integer_box=\box81
\l__siunitx_table_decimal_box=\box82
\l__siunitx_table_before_box=\box83
\l__siunitx_table_after_box=\box84
\l__siunitx_table_before_dim=\dimen339
\l__siunitx_table_carry_dim=\dimen340
\l__siunitx_unit_tmp_int=\count380
\l__siunitx_unit_position_int=\count381
\l__siunitx_unit_total_int=\count382

Package siunitx Info: Option "separate-uncertainty" has been deprecated in
(siunitx)             this release.
(siunitx)             
(siunitx)             Use "uncertainty-mode = separate" as a replacement.


Package siunitx Info: Option "detect-all" has been deprecated in this release.
(siunitx)             
(siunitx)             Use "mode = match, propagate-math-font = true,
(siunitx)             reset-math-version = false, reset-text-family = false,
(siunitx)             reset-text-series = false, reset-text-shape = false,
(siunitx)             text-family-to-math = true, text-series-to-math = true"
(siunitx)             as a replacement.

)
(/usr/share/texlive/texmf-dist/tex/latex/multirow/multirow.sty
Package: multirow 2021/03/15 v2.8 Span multiple rows of a table
\multirow@colwidth=\skip85
\multirow@cntb=\count383
\multirow@dima=\skip86
\bigstrutjot=\dimen341
)
(/usr/share/texlive/texmf-dist/tex/latex/csquotes/csquotes.sty
Package: csquotes 2021-02-22 v5.2l context-sensitive quotations (JAW)
\csq@reset=\count384
\csq@gtype=\count385
\csq@glevel=\count386
\csq@qlevel=\count387
\csq@maxlvl=\count388
\csq@tshold=\count389
\csq@ltx@everypar=\toks46

(/usr/share/texlive/texmf-dist/tex/latex/csquotes/csquotes.def
File: csquotes.def 2021-02-22 v5.2l csquotes generic definitions (JAW)
)
Package csquotes Info: Trying to load configuration file 'csquotes.cfg'...
Package csquotes Info: ... configuration file loaded successfully.

(/usr/share/texlive/texmf-dist/tex/latex/csquotes/csquotes.cfg
File: csquotes.cfg 
))
(/usr/share/texlive/texmf-dist/tex/latex/biblatex/biblatex.sty
Package: biblatex 2022/02/02 v3.17 programmable bibliographies (PK/MW)

(/usr/share/texlive/texmf-dist/tex/latex/logreq/logreq.sty
Package: logreq 2010/08/04 v1.0 xml request logger
\lrq@indent=\count390

(/usr/share/texlive/texmf-dist/tex/latex/logreq/logreq.def
File: logreq.def 2010/08/04 v1.0 logreq spec v1.0
))
\c@tabx@nest=\count391
\c@listtotal=\count392
\c@listcount=\count393
\c@liststart=\count394
\c@liststop=\count395
\c@citecount=\count396
\c@citetotal=\count397
\c@multicitecount=\count398
\c@multicitetotal=\count399
\c@instcount=\count400
\c@maxnames=\count401
\c@minnames=\count402
\c@maxitems=\count403
\c@minitems=\count404
\c@citecounter=\count405
\c@maxcitecounter=\count406
\c@savedcitecounter=\count407
\c@uniquelist=\count408
\c@uniquename=\count409
\c@refsection=\count410
\c@refsegment=\count411
\c@maxextratitle=\count412
\c@maxextratitleyear=\count413
\c@maxextraname=\count414
\c@maxextradate=\count415
\c@maxextraalpha=\count416
\c@abbrvpenalty=\count417
\c@highnamepenalty=\count418
\c@lownamepenalty=\count419
\c@maxparens=\count420
\c@parenlevel=\count421
\blx@tempcnta=\count422
\blx@tempcntb=\count423
\blx@tempcntc=\count424
\c@blx@maxsection=\count425
\c@blx@maxsegment@0=\count426
\blx@notetype=\count427
\blx@parenlevel@text=\count428
\blx@parenlevel@foot=\count429
\c@blx@sectionciteorder@0=\count430
\blx@entrysetcounter=\count431
\blx@biblioinstance=\count432
\labelnumberwidth=\skip87
\labelalphawidth=\skip88
\biblabelsep=\skip89
\bibitemsep=\skip90
\bibnamesep=\skip91
\bibinitsep=\skip92
\bibparsep=\skip93
\bibhang=\skip94
\blx@bcfin=\read4
\blx@bcfout=\write4
\blx@langwohyphens=\language88
\c@mincomprange=\count433
\c@maxcomprange=\count434
\c@mincompwidth=\count435
Package biblatex Info: Trying to load biblatex default data model...
Package biblatex Info: ... file 'blx-dm.def' found.

(/usr/share/texlive/texmf-dist/tex/latex/biblatex/blx-dm.def
File: blx-dm.def 2022/02/02 v3.17 biblatex localization (PK/MW)
)
Package biblatex Info: Trying to load biblatex style data model...
Package biblatex Info: ... file 'ieee.dbx' not found.
Package biblatex Info: Trying to load biblatex custom data model...
Package biblatex Info: ... file 'biblatex-dm.cfg' not found.
\c@afterword=\count436
\c@savedafterword=\count437
\c@annotator=\count438
\c@savedannotator=\count439
\c@author=\count440
\c@savedauthor=\count441
\c@bookauthor=\count442
\c@savedbookauthor=\count443
\c@commentator=\count444
\c@savedcommentator=\count445
\c@editor=\count446
\c@savededitor=\count447
\c@editora=\count448
\c@savededitora=\count449
\c@editorb=\count450
\c@savededitorb=\count451
\c@editorc=\count452
\c@savededitorc=\count453
\c@foreword=\count454
\c@savedforeword=\count455
\c@holder=\count456
\c@savedholder=\count457
\c@introduction=\count458
\c@savedintroduction=\count459
\c@namea=\count460
\c@savednamea=\count461
\c@nameb=\count462
\c@savednameb=\count463
\c@namec=\count464
\c@savednamec=\count465
\c@translator=\count466
\c@savedtranslator=\count467
\c@shortauthor=\count468
\c@savedshortauthor=\count469
\c@shorteditor=\count470
\c@savedshorteditor=\count471
\c@labelname=\count472
\c@savedlabelname=\count473
\c@institution=\count474
\c@savedinstitution=\count475
\c@lista=\count476
\c@savedlista=\count477
\c@listb=\count478
\c@savedlistb=\count479
\c@listc=\count480
\c@savedlistc=\count481
\c@listd=\count482
\c@savedlistd=\count483
\c@liste=\count484
\c@savedliste=\count485
\c@listf=\count486
\c@savedlistf=\count487
\c@location=\count488
\c@savedlocation=\count489
\c@organization=\count490
\c@savedorganization=\count491
\c@origlocation=\count492
\c@savedoriglocation=\count493
\c@origpublisher=\count494
\c@savedorigpublisher=\count495
\c@publisher=\count496
\c@savedpublisher=\count497
\c@language=\count498
\c@savedlanguage=\count499
\c@origlanguage=\count500
\c@savedoriglanguage=\count501
\c@pageref=\count502
\c@savedpageref=\count503
\shorthandwidth=\skip95
\shortjournalwidth=\skip96
\shortserieswidth=\skip97
\shorttitlewidth=\skip98
\shortauthorwidth=\skip99
\shorteditorwidth=\skip100
\locallabelnumberwidth=\skip101
\locallabelalphawidth=\skip102
\localshorthandwidth=\skip103
\localshortjournalwidth=\skip104
\localshortserieswidth=\skip105
\localshorttitlewidth=\skip106
\localshortauthorwidth=\skip107
\localshorteditorwidth=\skip108
Package biblatex Info: Trying to load compatibility code...
Package biblatex Info: ... file 'blx-compat.def' found.

(/usr/share/texlive/texmf-dist/tex/latex/biblatex/blx-compat.def
File: blx-compat.def 2022/02/02 v3.17 biblatex compatibility (PK/MW)
)
Package biblatex Info: Trying to load generic definitions...
Package biblatex Info: ... file 'biblatex.def' found.

(/usr/share/texlive/texmf-dist/tex/latex/biblatex/biblatex.def
File: biblatex.def 2022/02/02 v3.17 biblatex compatibility (PK/MW)
\c@textcitecount=\count504
\c@textcitetotal=\count505
\c@textcitemaxnames=\count506
\c@biburlbigbreakpenalty=\count507
\c@biburlbreakpenalty=\count508
\c@biburlnumpenalty=\count509
\c@biburlucpenalty=\count510
\c@biburllcpenalty=\count511
\biburlbigskip=\muskip18
\biburlnumskip=\muskip19
\biburlucskip=\muskip20
\biburllcskip=\muskip21
\c@smartand=\count512
)
Package biblatex Info: Trying to load bibliography style 'ieee'...
Package biblatex Info: ... file 'ieee.bbx' found.

(/usr/share/texlive/texmf-dist/tex/latex/biblatex-ieee/ieee.bbx
File: ieee.bbx 2021/12/06 v1.3f biblatex bibliography style
Package biblatex Info: Trying to load bibliography style 'numeric-comp'...
Package biblatex Info: ... file 'numeric-comp.bbx' found.

(/usr/share/texlive/texmf-dist/tex/latex/biblatex/bbx/numeric-comp.bbx
File: numeric-comp.bbx 2022/02/02 v3.17 biblatex bibliography style (PK/MW)
Package biblatex Info: Trying to load bibliography style 'numeric'...
Package biblatex Info: ... file 'numeric.bbx' found.

(/usr/share/texlive/texmf-dist/tex/latex/biblatex/bbx/numeric.bbx
File: numeric.bbx 2022/02/02 v3.17 biblatex bibliography style (PK/MW)
Package biblatex Info: Trying to load bibliography style 'standard'...
Package biblatex Info: ... file 'standard.bbx' found.

(/usr/share/texlive/texmf-dist/tex/latex/biblatex/bbx/standard.bbx
File: standard.bbx 2022/02/02 v3.17 biblatex bibliography style (PK/MW)
\c@bbx:relatedcount=\count513
\c@bbx:relatedtotal=\count514
))))
Package biblatex Info: Trying to load citation style 'ieee'...
Package biblatex Info: ... file 'ieee.cbx' found.

(/usr/share/texlive/texmf-dist/tex/latex/biblatex-ieee/ieee.cbx
File: ieee.cbx 2021/12/06 v1.3f biblatex citation style
Package biblatex Info: Trying to load citation style 'numeric-comp'...
Package biblatex Info: ... file 'numeric-comp.cbx' found.

(/usr/share/texlive/texmf-dist/tex/latex/biblatex/cbx/numeric-comp.cbx
File: numeric-comp.cbx 2022/02/02 v3.17 biblatex citation style (PK/MW)
\c@cbx@tempcnta=\count515
\c@cbx@tempcntb=\count516
\c@cbx@tempcntc=\count517
\c@cbx@tempcntd=\count518
Package biblatex Info: Redefining '\cite'.
Package biblatex Info: Redefining '\parencite'.
Package biblatex Info: Redefining '\footcite'.
Package biblatex Info: Redefining '\footcitetext'.
Package biblatex Info: Redefining '\smartcite'.
Package biblatex Info: Redefining '\supercite'.
Package biblatex Info: Redefining '\textcite'.
Package biblatex Info: Redefining '\textcites'.
Package biblatex Info: Redefining '\cites'.
Package biblatex Info: Redefining '\parencites'.
Package biblatex Info: Redefining '\smartcites'.
)
Package biblatex Info: Redefining '\cite'.
Package biblatex Info: Redefining '\supercite'.
Package biblatex Info: Redefining '\cites'.
)
Package biblatex Info: Trying to load configuration file...
Package biblatex Info: ... file 'biblatex.cfg' found.

(/usr/share/texlive/texmf-dist/tex/latex/biblatex/biblatex.cfg
File: biblatex.cfg 
)
Package biblatex Info: Input encoding 'utf8' detected.
Package biblatex Info: Document encoding is UTF8 ....
Package biblatex Info: ... and expl3
(biblatex)             2022-01-21 L3 programming layer (loader) 
(biblatex)             is new enough (at least 2020/04/06),
(biblatex)             setting 'casechanger=expl3'.

(/usr/share/texlive/texmf-dist/tex/latex/biblatex/blx-case-expl3.sty
Package: blx-case-expl3 2022/02/02 v3.17 expl3 case changing code for biblatex
)))
Package csquotes Info: Checking for multilingual support...
Package csquotes Info: ... found 'babel' package.
Package csquotes Info: Adjusting default style.
Package csquotes Info: Redefining alias 'default' -> 'english'.

(./main.aux

LaTeX Warning: Label `sec:introduction' multiply defined.


LaTeX Warning: Label `sec:related_work' multiply defined.


LaTeX Warning: Label `sec:experimental_setup' multiply defined.


LaTeX Warning: Label `sec:experimental_results' multiply defined.


LaTeX Warning: Label `sec:conclusions' multiply defined.


LaTeX Warning: Label `sec:related_work' multiply defined.


LaTeX Warning: Label `sec:experimental_setup' multiply defined.


LaTeX Warning: Label `sec:experimental_results' multiply defined.


LaTeX Warning: Label `fig:proc_energy' multiply defined.


LaTeX Warning: Label `sec:conclusions' multiply defined.

)
\openout1 = `main.aux'.

LaTeX Font Info:    Checking defaults for OML/cmm/m/it on input line 8.
LaTeX Font Info:    ... okay on input line 8.
LaTeX Font Info:    Checking defaults for OMS/cmsy/m/n on input line 8.
LaTeX Font Info:    ... okay on input line 8.
LaTeX Font Info:    Checking defaults for OT1/cmr/m/n on input line 8.
LaTeX Font Info:    ... okay on input line 8.
LaTeX Font Info:    Checking defaults for T1/cmr/m/n on input line 8.
LaTeX Font Info:    ... okay on input line 8.
LaTeX Font Info:    Checking defaults for TS1/cmr/m/n on input line 8.
LaTeX Font Info:    ... okay on input line 8.
LaTeX Font Info:    Checking defaults for OMX/cmex/m/n on input line 8.
LaTeX Font Info:    ... okay on input line 8.
LaTeX Font Info:    Checking defaults for U/cmr/m/n on input line 8.
LaTeX Font Info:    ... okay on input line 8.
LaTeX Font Info:    Checking defaults for FML/futm/m/it on input line 8.
LaTeX Font Info:    Trying to load font information for FML+futm on input line 
8.
 (/usr/share/texlive/texmf-dist/tex/latex/fourier/fmlfutm.fd
File: fmlfutm.fd 2004/10/30 Fontinst v1.926 font definitions for FML/futm.
)
LaTeX Font Info:    ... okay on input line 8.
LaTeX Font Info:    Checking defaults for FMS/futm/m/n on input line 8.
LaTeX Font Info:    Trying to load font information for FMS+futm on input line 
8.

(/usr/share/texlive/texmf-dist/tex/latex/fourier/fmsfutm.fd
File: fmsfutm.fd 2004/10/30 Fontinst v1.926 font definitions for FMS/futm.
)
LaTeX Font Info:    ... okay on input line 8.
LaTeX Font Info:    Checking defaults for FMX/futm/m/n on input line 8.
LaTeX Font Info:    Trying to load font information for FMX+futm on input line 
8.

(/usr/share/texlive/texmf-dist/tex/latex/fourier/fmxfutm.fd
File: fmxfutm.fd futm-extension
)
LaTeX Font Info:    ... okay on input line 8.
LaTeX Font Info:    Checking defaults for PD1/pdf/m/n on input line 8.
LaTeX Font Info:    ... okay on input line 8.
LaTeX Font Info:    Checking defaults for PU/pdf/m/n on input line 8.
LaTeX Font Info:    ... okay on input line 8.
LaTeX Info: Redefining \degres on input line 8.
LaTeX Info: Redefining \up on input line 8.
LaTeX Font Info:    Redeclaring math accent \widehat on input line 8.
LaTeX Font Info:    Redeclaring math accent \widetilde on input line 8.

(/usr/share/texlive/texmf-dist/tex/context/base/mkii/supp-pdf.mkii
[Loading MPS to PDF converter (version 2006.09.02).]
\scratchcounter=\count519
\scratchdimen=\dimen342
\scratchbox=\box85
\nofMPsegments=\count520
\nofMParguments=\count521
\everyMPshowfont=\toks47
\MPscratchCnt=\count522
\MPscratchDim=\dimen343
\MPnumerator=\count523
\makeMPintoPDFobject=\count524
\everyMPtoPDFconversion=\toks48
) (/usr/share/texlive/texmf-dist/tex/latex/epstopdf-pkg/epstopdf-base.sty
Package: epstopdf-base 2020-01-24 v2.11 Base part for package epstopdf
Package epstopdf-base Info: Redefining graphics rule for `.eps' on input line 4
85.

(/usr/share/texlive/texmf-dist/tex/latex/latexconfig/epstopdf-sys.cfg
File: epstopdf-sys.cfg 2010/07/13 v1.3 Configuration of (r)epstopdf for TeX Liv
e
))
Package caption Info: Begin \AtBeginDocument code.
Package caption Info: hyperref package is loaded.
Package caption Info: listings package is loaded.
Package caption Info: End \AtBeginDocument code.
LaTeX Info: Redefining \microtypecontext on input line 8.
Package microtype Info: Applying patch `item' on input line 8.
Package microtype Info: Applying patch `toc' on input line 8.
Package microtype Info: Applying patch `eqnum' on input line 8.
Package microtype Info: Applying patch `footnote' on input line 8.
Package microtype Info: Generating PDF output.
Package microtype Info: Character protrusion enabled (level 2).
Package microtype Info: Using default protrusion set `alltext'.
Package microtype Info: Automatic font expansion enabled (level 2),
(microtype)             stretch: 20, shrink: 20, step: 1, non-selected.
Package microtype Info: Using default expansion set `alltext-nott'.
LaTeX Info: Redefining \showhyphens on input line 8.
Package microtype Info: No adjustment of tracking.
Package microtype Info: No adjustment of interword spacing.
Package microtype Info: No adjustment of character kerning.
Package microtype Info: Loading generic protrusion settings for font family
(microtype)             `futs' (encoding: T1).
(microtype)             For optimal results, create family-specific settings.
(microtype)             See the microtype manual for details.

(/usr/share/texlive/texmf-dist/tex/latex/pdflscape/pdflscape.sty
Package: pdflscape 2019/12/05 v0.12 Display of landscape pages in PDF (HO)

(/usr/share/texlive/texmf-dist/tex/latex/graphics/lscape.sty
Package: lscape 2020/05/28 v3.02 Landscape Pages (DPC)
)
Package pdflscape Info: Auto-detected driver: pdftex on input line 81.
)
\c@lstlisting=\count525
Package hyperref Info: Link coloring ON on input line 8.

(/usr/share/texlive/texmf-dist/tex/latex/hyperref/nameref.sty
Package: nameref 2021-04-02 v2.47 Cross-referencing by name of section

(/usr/share/texlive/texmf-dist/tex/latex/refcount/refcount.sty
Package: refcount 2019/12/15 v3.6 Data extraction from label references (HO)
)
(/usr/share/texlive/texmf-dist/tex/generic/gettitlestring/gettitlestring.sty
Package: gettitlestring 2019/12/15 v1.6 Cleanup title references (HO)
)
\c@section@level=\count526
)
LaTeX Info: Redefining \ref on input line 8.
LaTeX Info: Redefining \pageref on input line 8.
LaTeX Info: Redefining \nameref on input line 8.

(./main.out) (./main.out)
\@outlinefile=\write5
\openout5 = `main.out'.


Package chemgreek Info: Activating mapping `fourier' on line 8.


(/usr/share/texlive/texmf-dist/tex/latex/translations/translations-basic-dictio
nary-english.trsl
File: translations-basic-dictionary-english.trsl (english translation file `tra
nslations-basic-dictionary')
)
Package translations Info: loading dictionary `translations-basic-dictionary' f
or `english'. on input line 8.

(/usr/share/texlive/texmf-dist/tex/latex/translations/translations-basic-dictio
nary-german.trsl
File: translations-basic-dictionary-german.trsl (german translation file `trans
lations-basic-dictionary')
)
Package translations Info: loading dictionary `translations-basic-dictionary' f
or `german'. on input line 8.

(/usr/share/texlive/texmf-dist/tex/latex/translations/translations-basic-dictio
nary-french.trsl
File: translations-basic-dictionary-french.trsl (french translation file `trans
lations-basic-dictionary')
)
Package translations Info: loading dictionary `translations-basic-dictionary' f
or `french'. on input line 8.
Package biblatex Info: Trying to load language 'english'...
Package biblatex Info: ... file 'english.lbx' found.

(/usr/share/texlive/texmf-dist/tex/latex/biblatex/lbx/english.lbx
File: english.lbx 2022/02/02 v3.17 biblatex localization (PK/MW)
)
Package biblatex Info: Trying to load language 'german'...
Package biblatex Info: ... file 'german.lbx' found.

(/usr/share/texlive/texmf-dist/tex/latex/biblatex/lbx/german.lbx
File: german.lbx 2022/02/02 v3.17 biblatex localization (PK/MW)
)
Package biblatex Info: Trying to load language 'french'...
Package biblatex Info: ... file 'french.lbx' found.

(/usr/share/texlive/texmf-dist/tex/latex/biblatex/lbx/french.lbx
File: french.lbx 2022/02/02 v3.17 biblatex localization (PK/MW)
)
Package biblatex Info: Input encoding 'utf8' detected.
Package biblatex Info: Automatic encoding selection.
(biblatex)             Assuming data encoding 'utf8'.
\openout4 = `main.bcf'.

Package biblatex Info: Trying to load bibliographic data...
Package biblatex Info: ... file 'main.bbl' found.
 (./main.bbl)
Package biblatex Info: Reference section=0 on input line 8.
Package biblatex Info: Reference segment=0 on input line 8.

(./head/1_titlepage.tex
LaTeX Font Info:    Trying to load font information for T1+cmss on input line 3
.
 (/usr/share/texlive/texmf-dist/tex/latex/base/t1cmss.fd
File: t1cmss.fd 2019/12/16 v2.5j Standard LaTeX font definitions
)
Package microtype Info: Loading generic protrusion settings for font family
(microtype)             `cmss' (encoding: T1).
(microtype)             For optimal results, create family-specific settings.
(microtype)             See the microtype manual for details.
LaTeX Font Info:    Trying to load font information for FML+futmi on input line
 11.
 (/usr/share/texlive/texmf-dist/tex/latex/fourier/fmlfutmi.fd
File: fmlfutmi.fd 2004/10/30 Fontinst v1.926 font definitions for FML/futmi.
)
LaTeX Font Info:    Font shape `FMX/futm/m/n' will be
(Font)              scaled to size 11.03998pt on input line 11.
LaTeX Font Info:    Font shape `FMX/futm/m/n' will be
(Font)              scaled to size 8.27998pt on input line 11.
LaTeX Font Info:    Font shape `FMX/futm/m/n' will be
(Font)              scaled to size 6.43999pt on input line 11.
LaTeX Font Info:    Font shape `U/futm/m/n' will be
(Font)              scaled to size 11.03998pt on input line 11.
LaTeX Font Info:    Font shape `U/futm/m/n' will be
(Font)              scaled to size 8.27998pt on input line 11.
LaTeX Font Info:    Font shape `U/futm/m/n' will be
(Font)              scaled to size 6.43999pt on input line 11.
LaTeX Font Info:    Trying to load font information for U+msa on input line 11.


(/usr/share/texlive/texmf-dist/tex/latex/amsfonts/umsa.fd
File: umsa.fd 2013/01/14 v3.01 AMS symbols A
)
(/usr/share/texlive/texmf-dist/tex/latex/microtype/mt-msa.cfg
File: mt-msa.cfg 2006/02/04 v1.1 microtype config. file: AMS symbols (a) (RS)
)
LaTeX Font Info:    Trying to load font information for U+msb on input line 11.


(/usr/share/texlive/texmf-dist/tex/latex/amsfonts/umsb.fd
File: umsb.fd 2013/01/14 v3.01 AMS symbols B
)
(/usr/share/texlive/texmf-dist/tex/latex/microtype/mt-msb.cfg
File: mt-msb.cfg 2005/06/01 v1.0 microtype config. file: AMS symbols (b) (RS)
)
<images/Logo_EPFL.pdf, id=417, 137.313pt x 39.89906pt>
File: images/Logo_EPFL.pdf Graphic file (type pdf)
<use images/Logo_EPFL.pdf>
Package pdftex.def Info: images/Logo_EPFL.pdf  used on input line 12.
(pdftex.def)             Requested size: 113.81102pt x 33.06992pt.

Underfull \hbox (badness 10000) in paragraph at lines 33--33

 []


Underfull \hbox (badness 10000) in paragraph at lines 33--33

 []


Underfull \hbox (badness 10000) in paragraph at lines 33--33

 []


Overfull \hbox (24.00002pt too wide) in paragraph at lines 11--36
 [][] 
 []

[1





{/var/lib/texmf/fonts/map/pdftex/updmap/pdftex.map} <./images/Logo_EPFL.pdf>]) 
(./head/2_dedication.tex [2

]) (./head/3_acknowledgements.tex [3] [4

]
LaTeX Font Info:    Font shape `FMX/futm/m/n' will be
(Font)              scaled to size 22.88956pt on input line 1.
LaTeX Font Info:    Font shape `FMX/futm/m/n' will be
(Font)              scaled to size 15.89755pt on input line 1.
LaTeX Font Info:    Font shape `U/futm/m/n' will be
(Font)              scaled to size 22.88956pt on input line 1.
LaTeX Font Info:    Font shape `U/futm/m/n' will be
(Font)              scaled to size 15.89755pt on input line 1.

Underfull \hbox (badness 10000) in paragraph at lines 2--4

 []


Underfull \hbox (badness 10000) in paragraph at lines 2--4

 []


Underfull \hbox (badness 10000) in paragraph at lines 15--16

 []


Underfull \hbox (badness 10000) in paragraph at lines 17--18

 []


Underfull \vbox (badness 10000) has occurred while \output is active []

 [5])
(./head/4_abstracts.tex

Package fancyhdr Warning: \headheight is too small (14.0pt): 
(fancyhdr)                Make it at least 14.49998pt, for example:
(fancyhdr)                \setlength{\headheight}{14.49998pt}.
(fancyhdr)                You might also make \topmargin smaller to compensate:

(fancyhdr)                \addtolength{\topmargin}{-0.49998pt}.

[0]
Underfull \hbox (badness 10000) in paragraph at lines 4--7

 []


Underfull \vbox (badness 10000) has occurred while \output is active []

pdfTeX warning (ext4): destination with the same identifier (name{page.i}) has 
been already used, duplicate ignored
<to be read again> 
                   \relax 
l.20 
      [1


]
Underfull \vbox (badness 10000) has occurred while \output is active []

pdfTeX warning (ext4): destination with the same identifier (name{page.ii}) has
 been already used, duplicate ignored
<to be read again> 
                   \relax 
l.36 
      [2]pdfTeX warning (ext4): destination with the same identifier (name{page
.iii}) has been already used, duplicate ignored
<to be read again> 
                   \relax 
l.50 \cleardoublepage
                      [3]pdfTeX warning (ext4): destination with the same ident
ifier (name{page.iv}) has been already used, duplicate ignored
<to be read again> 
                   \relax 
l.50 \cleardoublepage
                      [4

]
Underfull \hbox (badness 10000) in paragraph at lines 52--53

 []


Underfull \hbox (badness 10000) in paragraph at lines 52--53

 []


Underfull \vbox (badness 10000) has occurred while \output is active []

pdfTeX warning (ext4): destination with the same identifier (name{page.v}) has 
been already used, duplicate ignored
<to be read again> 
                   \relax 
l.67 
      [5

]
Underfull \vbox (badness 10000) has occurred while \output is active []

 [6])
[7] [8

] (./main.toc [9]
Overfull \hbox (1.19994pt too wide) detected at line 62
 []\T1/futs/m/n/12 103
 []


Overfull \hbox (1.19994pt too wide) detected at line 63
 []\T1/futs/m/n/12 103
 []


Overfull \hbox (1.19994pt too wide) detected at line 65
 []\T1/futs/m/n/12 107
 []


Overfull \hbox (1.19994pt too wide) detected at line 66
 []\T1/futs/m/n/12 111
 []


Overfull \hbox (1.19994pt too wide) detected at line 67
 []\T1/futs/m/n/12 112
 []


Overfull \hbox (1.19994pt too wide) detected at line 68
 []\T1/futs/m/n/12 113
 []


Overfull \hbox (1.19994pt too wide) detected at line 69
 []\T1/futs/m/n/12 118
 []


Overfull \hbox (1.19994pt too wide) detected at line 70
 []\T1/futs/m/n/12 119
 []


Overfull \hbox (1.19994pt too wide) detected at line 71
 []\T1/futs/m/n/12 120
 []


Package fancyhdr Warning: \headheight is too small (14.0pt): 
(fancyhdr)                Make it at least 14.49998pt, for example:
(fancyhdr)                \setlength{\headheight}{14.49998pt}.
(fancyhdr)                You might also make \topmargin smaller to compensate:

(fancyhdr)                \addtolength{\topmargin}{-0.49998pt}.

[10]
Overfull \hbox (1.19994pt too wide) detected at line 72
 []\T1/futs/m/n/12 122
 []


Overfull \hbox (1.19994pt too wide) detected at line 73
 []\T1/futs/m/n/12 123
 []


Overfull \hbox (1.19994pt too wide) detected at line 74
 []\T1/futs/m/n/12 124
 []


Overfull \hbox (1.19994pt too wide) detected at line 75
 []\T1/futs/m/n/12 125
 []


Overfull \hbox (1.19994pt too wide) detected at line 76
 []\T1/futs/m/n/12 127
 []


Overfull \hbox (1.19994pt too wide) detected at line 77
 []\T1/futs/m/n/12 129
 []


Overfull \hbox (1.19994pt too wide) detected at line 78
 []\T1/futs/m/n/12 129
 []


Overfull \hbox (1.19994pt too wide) detected at line 79
 []\T1/futs/m/n/12 130
 []


Overfull \hbox (1.19994pt too wide) detected at line 80
 []\T1/futs/m/n/12 131
 []


Overfull \hbox (1.19994pt too wide) detected at line 81
 []\T1/futs/m/n/12 133
 []


Overfull \hbox (1.19994pt too wide) detected at line 82
 []\T1/futs/m/n/12 134
 []


Overfull \hbox (1.19994pt too wide) detected at line 83
 []\T1/futs/m/n/12 135
 []


Overfull \hbox (1.19994pt too wide) detected at line 84
 []\T1/futs/m/n/12 137
 []


Overfull \hbox (1.19994pt too wide) detected at line 85
 []\T1/futs/m/n/12 138
 []


Overfull \hbox (1.19994pt too wide) detected at line 86
 []\T1/futs/m/n/12 139
 []


Overfull \hbox (1.19994pt too wide) detected at line 87
 []\T1/futs/m/n/12 140
 []


Overfull \hbox (1.19994pt too wide) detected at line 88
 []\T1/futs/m/n/12 142
 []


Overfull \hbox (1.19994pt too wide) detected at line 89
 []\T1/futs/m/n/12 142
 []


Overfull \hbox (1.19994pt too wide) detected at line 90
 []\T1/futs/m/n/12 142
 []


Overfull \hbox (1.19994pt too wide) detected at line 91
 []\T1/futs/m/n/12 144
 []


Overfull \hbox (1.19994pt too wide) detected at line 92
 []\T1/futs/m/n/12 147
 []


Overfull \hbox (1.19994pt too wide) detected at line 93
 []\T1/futs/m/n/12 149
 []


Overfull \hbox (1.19994pt too wide) detected at line 94
 []\T1/futs/m/n/12 150
 []


Overfull \hbox (1.19994pt too wide) detected at line 96
 []\T1/futs/m/n/12 153
 []


Overfull \hbox (1.19994pt too wide) detected at line 97
 []\T1/futs/m/n/12 160
 []


Overfull \hbox (1.19994pt too wide) detected at line 98
 []\T1/futs/m/n/12 161
 []


Overfull \hbox (1.19994pt too wide) detected at line 99
 []\T1/futs/m/n/12 161
 []


Overfull \hbox (1.19994pt too wide) detected at line 100
 []\T1/futs/m/n/12 162
 []


Overfull \hbox (1.19994pt too wide) detected at line 101
 []\T1/futs/m/n/12 163
 []

)
\tf@toc=\write6
\openout6 = `main.toc'.



Package fancyhdr Warning: \headheight is too small (14.0pt): 
(fancyhdr)                Make it at least 14.49998pt, for example:
(fancyhdr)                \setlength{\headheight}{14.49998pt}.
(fancyhdr)                You might also make \topmargin smaller to compensate:

(fancyhdr)                \addtolength{\topmargin}{-0.49998pt}.

[11] [12

] (./main/1_introduction.tex
Chapter 1.

Underfull \vbox (badness 10000) has occurred while \output is active []

 [1


]
Overfull \hbox (4.93564pt too wide) in paragraph at lines 23--24
\T1/futs/m/n/12 (-20) move-ment, stor-age, and re-ten-tion. More-over, edge pla
t-forms can in-cor-po-rate hardware-
 []


Underfull \vbox (badness 10000) has occurred while \output is active []



Package fancyhdr Warning: \headheight is too small (14.0pt): 
(fancyhdr)                Make it at least 14.49998pt, for example:
(fancyhdr)                \setlength{\headheight}{14.49998pt}.
(fancyhdr)                You might also make \topmargin smaller to compensate:

(fancyhdr)                \addtolength{\topmargin}{-0.49998pt}.

[2]
Underfull \vbox (badness 10000) has occurred while \output is active []



Package fancyhdr Warning: \headheight is too small (14.0pt): 
(fancyhdr)                Make it at least 14.49998pt, for example:
(fancyhdr)                \setlength{\headheight}{14.49998pt}.
(fancyhdr)                You might also make \topmargin smaller to compensate:

(fancyhdr)                \addtolength{\topmargin}{-0.49998pt}.

[3]
Overfull \hbox (2.52077pt too wide) in paragraph at lines 49--50
[]\T1/futs/m/n/12 (-20) To meet these di-verse and de-mand-ing con-straints, \T
1/futs/m/it/12 (-20) het-ero-ge-neous sys-tems \T1/futs/m/n/12 (-20) have emerg
ed
 []


Underfull \vbox (badness 10000) has occurred while \output is active []



Package fancyhdr Warning: \headheight is too small (14.0pt): 
(fancyhdr)                Make it at least 14.49998pt, for example:
(fancyhdr)                \setlength{\headheight}{14.49998pt}.
(fancyhdr)                You might also make \topmargin smaller to compensate:

(fancyhdr)                \addtolength{\topmargin}{-0.49998pt}.

[4]
Underfull \vbox (badness 10000) has occurred while \output is active []



Package fancyhdr Warning: \headheight is too small (14.0pt): 
(fancyhdr)                Make it at least 14.49998pt, for example:
(fancyhdr)                \setlength{\headheight}{14.49998pt}.
(fancyhdr)                You might also make \topmargin smaller to compensate:

(fancyhdr)                \addtolength{\topmargin}{-0.49998pt}.

[5]
Underfull \hbox (badness 10000) in paragraph at lines 89--90

 []


Underfull \vbox (badness 10000) has occurred while \output is active []



Package fancyhdr Warning: \headheight is too small (14.0pt): 
(fancyhdr)                Make it at least 14.49998pt, for example:
(fancyhdr)                \setlength{\headheight}{14.49998pt}.
(fancyhdr)                You might also make \topmargin smaller to compensate:

(fancyhdr)                \addtolength{\topmargin}{-0.49998pt}.

[6]
LaTeX Font Info:    Trying to load font information for TS1+futs on input line 
94.
 (/usr/share/texlive/texmf-dist/tex/latex/fourier/ts1futs.fd
File: ts1futs.fd 2003/09/14 Fontinst v1.801 font definitions for TS1/futs.
)
Package microtype Info: Loading generic protrusion settings for font family
(microtype)             `futs' (encoding: TS1).
(microtype)             For optimal results, create family-specific settings.
(microtype)             See the microtype manual for details.


Package fancyhdr Warning: \headheight is too small (14.0pt): 
(fancyhdr)                Make it at least 14.49998pt, for example:
(fancyhdr)                \setlength{\headheight}{14.49998pt}.
(fancyhdr)                You might also make \topmargin smaller to compensate:

(fancyhdr)                \addtolength{\topmargin}{-0.49998pt}.

[7]
LaTeX Font Info:    Font shape `FMX/futm/m/n' will be
(Font)              scaled to size 9.19998pt on input line 109.
LaTeX Font Info:    Font shape `FMX/futm/m/n' will be
(Font)              scaled to size 6.99199pt on input line 109.
LaTeX Font Info:    Font shape `FMX/futm/m/n' will be
(Font)              scaled to size 5.51999pt on input line 109.
LaTeX Font Info:    Font shape `U/futm/m/n' will be
(Font)              scaled to size 9.19998pt on input line 109.
LaTeX Font Info:    Font shape `U/futm/m/n' will be
(Font)              scaled to size 6.99199pt on input line 109.
LaTeX Font Info:    Font shape `U/futm/m/n' will be
(Font)              scaled to size 5.51999pt on input line 109.

Overfull \hbox (0.37834pt too wide) in paragraph at lines 109--110
\T1/futs/m/n/12 (-20) and doc-u-men-ta-tion of [] to sup-port fu-ture re-search
 on TinyAI
 []


Package fancyhdr Warning: \headheight is too small (14.0pt): 
(fancyhdr)                Make it at least 14.49998pt, for example:
(fancyhdr)                \setlength{\headheight}{14.49998pt}.
(fancyhdr)                You might also make \topmargin smaller to compensate:

(fancyhdr)                \addtolength{\topmargin}{-0.49998pt}.

[8]

Package fancyhdr Warning: \headheight is too small (14.0pt): 
(fancyhdr)                Make it at least 14.49998pt, for example:
(fancyhdr)                \setlength{\headheight}{14.49998pt}.
(fancyhdr)                You might also make \topmargin smaller to compensate:

(fancyhdr)                \addtolength{\topmargin}{-0.49998pt}.

[9]
Overfull \hbox (0.34717pt too wide) in paragraph at lines 147--148
[][]\T1/futs/m/n/12 (-20) : A full sys-tem in-te-gra-tion of e-GPU with
 []


Package fancyhdr Warning: \headheight is too small (14.0pt): 
(fancyhdr)                Make it at least 14.49998pt, for example:
(fancyhdr)                \setlength{\headheight}{14.49998pt}.
(fancyhdr)                You might also make \topmargin smaller to compensate:

(fancyhdr)                \addtolength{\topmargin}{-0.49998pt}.

[10]
Overfull \hbox (4.84285pt too wide) in paragraph at lines 160--161
\T1/futs/m/n/12 (-20) Beyond their in-di-vid-ual roles, the three pro-posed pla
t-forms --- [], [],
 []


Package fancyhdr Warning: \headheight is too small (14.0pt): 
(fancyhdr)                Make it at least 14.49998pt, for example:
(fancyhdr)                \setlength{\headheight}{14.49998pt}.
(fancyhdr)                You might also make \topmargin smaller to compensate:

(fancyhdr)                \addtolength{\topmargin}{-0.49998pt}.

[11]

Package fancyhdr Warning: \headheight is too small (14.0pt): 
(fancyhdr)                Make it at least 14.49998pt, for example:
(fancyhdr)                \setlength{\headheight}{14.49998pt}.
(fancyhdr)                You might also make \topmargin smaller to compensate:

(fancyhdr)                \addtolength{\topmargin}{-0.49998pt}.

[12]
<./figures_intro/thesis_flow.pdf, id=724, 886.31125pt x 276.03125pt>
File: ./figures_intro/thesis_flow.pdf Graphic file (type pdf)
<use ./figures_intro/thesis_flow.pdf>
Package pdftex.def Info: ./figures_intro/thesis_flow.pdf  used on input line 18
6.
(pdftex.def)             Requested size: 417.68646pt x 130.08427pt.
) (./main/2_femu.tex

Package fancyhdr Warning: \headheight is too small (14.0pt): 
(fancyhdr)                Make it at least 14.49998pt, for example:
(fancyhdr)                \setlength{\headheight}{14.49998pt}.
(fancyhdr)                You might also make \topmargin smaller to compensate:

(fancyhdr)                \addtolength{\topmargin}{-0.49998pt}.

[13 <./figures_intro/thesis_flow.pdf>] [14

]
Chapter 2.

Underfull \vbox (badness 10000) has occurred while \output is active []

 [15]
LaTeX Font Info:    Trying to load font information for T1+cmtt on input line 1
8.

(/usr/share/texlive/texmf-dist/tex/latex/base/t1cmtt.fd
File: t1cmtt.fd 2019/12/16 v2.5j Standard LaTeX font definitions
)
Package microtype Info: Loading generic protrusion settings for font family
(microtype)             `cmtt' (encoding: T1).
(microtype)             For optimal results, create family-specific settings.
(microtype)             See the microtype manual for details.

Underfull \vbox (badness 10000) has occurred while \output is active []



Package fancyhdr Warning: \headheight is too small (14.0pt): 
(fancyhdr)                Make it at least 14.49998pt, for example:
(fancyhdr)                \setlength{\headheight}{14.49998pt}.
(fancyhdr)                You might also make \topmargin smaller to compensate:

(fancyhdr)                \addtolength{\topmargin}{-0.49998pt}.

[16]
Underfull \vbox (badness 10000) has occurred while \output is active []



Package fancyhdr Warning: \headheight is too small (14.0pt): 
(fancyhdr)                Make it at least 14.49998pt, for example:
(fancyhdr)                \setlength{\headheight}{14.49998pt}.
(fancyhdr)                You might also make \topmargin smaller to compensate:

(fancyhdr)                \addtolength{\topmargin}{-0.49998pt}.

[17]
Underfull \vbox (badness 10000) has occurred while \output is active []



Package fancyhdr Warning: \headheight is too small (14.0pt): 
(fancyhdr)                Make it at least 14.49998pt, for example:
(fancyhdr)                \setlength{\headheight}{14.49998pt}.
(fancyhdr)                You might also make \topmargin smaller to compensate:

(fancyhdr)                \addtolength{\topmargin}{-0.49998pt}.

[18]

Package fancyhdr Warning: \headheight is too small (14.0pt): 
(fancyhdr)                Make it at least 14.49998pt, for example:
(fancyhdr)                \setlength{\headheight}{14.49998pt}.
(fancyhdr)                You might also make \topmargin smaller to compensate:

(fancyhdr)                \addtolength{\topmargin}{-0.49998pt}.

[19]

Package fancyhdr Warning: \headheight is too small (14.0pt): 
(fancyhdr)                Make it at least 14.49998pt, for example:
(fancyhdr)                \setlength{\headheight}{14.49998pt}.
(fancyhdr)                You might also make \topmargin smaller to compensate:

(fancyhdr)                \addtolength{\topmargin}{-0.49998pt}.

[20]

Package fancyhdr Warning: \headheight is too small (14.0pt): 
(fancyhdr)                Make it at least 14.49998pt, for example:
(fancyhdr)                \setlength{\headheight}{14.49998pt}.
(fancyhdr)                You might also make \topmargin smaller to compensate:

(fancyhdr)                \addtolength{\topmargin}{-0.49998pt}.

[21]
Underfull \vbox (badness 10000) has occurred while \output is active []



Package fancyhdr Warning: \headheight is too small (14.0pt): 
(fancyhdr)                Make it at least 14.49998pt, for example:
(fancyhdr)                \setlength{\headheight}{14.49998pt}.
(fancyhdr)                You might also make \topmargin smaller to compensate:

(fancyhdr)                \addtolength{\topmargin}{-0.49998pt}.

[22]
Underfull \vbox (badness 10000) has occurred while \output is active []



Package fancyhdr Warning: \headheight is too small (14.0pt): 
(fancyhdr)                Make it at least 14.49998pt, for example:
(fancyhdr)                \setlength{\headheight}{14.49998pt}.
(fancyhdr)                You might also make \topmargin smaller to compensate:

(fancyhdr)                \addtolength{\topmargin}{-0.49998pt}.

[23]
Underfull \hbox (badness 10000) in paragraph at lines 161--162

 []


Underfull \vbox (badness 10000) has occurred while \output is active []



Package fancyhdr Warning: \headheight is too small (14.0pt): 
(fancyhdr)                Make it at least 14.49998pt, for example:
(fancyhdr)                \setlength{\headheight}{14.49998pt}.
(fancyhdr)                You might also make \topmargin smaller to compensate:

(fancyhdr)                \addtolength{\topmargin}{-0.49998pt}.

[24]
<figures_femu/femu_blocks.pdf, id=877, 810.02625pt x 436.63126pt>
File: figures_femu/femu_blocks.pdf Graphic file (type pdf)
<use figures_femu/femu_blocks.pdf>
Package pdftex.def Info: figures_femu/femu_blocks.pdf  used on input line 183.
(pdftex.def)             Requested size: 334.15044pt x 180.11928pt.

Underfull \vbox (badness 10000) has occurred while \output is active []



Package fancyhdr Warning: \headheight is too small (14.0pt): 
(fancyhdr)                Make it at least 14.49998pt, for example:
(fancyhdr)                \setlength{\headheight}{14.49998pt}.
(fancyhdr)                You might also make \topmargin smaller to compensate:

(fancyhdr)                \addtolength{\topmargin}{-0.49998pt}.

[25]
Underfull \vbox (badness 2443) has occurred while \output is active []



Package fancyhdr Warning: \headheight is too small (14.0pt): 
(fancyhdr)                Make it at least 14.49998pt, for example:
(fancyhdr)                \setlength{\headheight}{14.49998pt}.
(fancyhdr)                You might also make \topmargin smaller to compensate:

(fancyhdr)                \addtolength{\topmargin}{-0.49998pt}.

[26 <./figures_femu/femu_blocks.pdf>]
Underfull \vbox (badness 10000) has occurred while \output is active []



Package fancyhdr Warning: \headheight is too small (14.0pt): 
(fancyhdr)                Make it at least 14.49998pt, for example:
(fancyhdr)                \setlength{\headheight}{14.49998pt}.
(fancyhdr)                You might also make \topmargin smaller to compensate:

(fancyhdr)                \addtolength{\topmargin}{-0.49998pt}.

[27]
Underfull \vbox (badness 10000) has occurred while \output is active []



Package fancyhdr Warning: \headheight is too small (14.0pt): 
(fancyhdr)                Make it at least 14.49998pt, for example:
(fancyhdr)                \setlength{\headheight}{14.49998pt}.
(fancyhdr)                You might also make \topmargin smaller to compensate:

(fancyhdr)                \addtolength{\topmargin}{-0.49998pt}.

[28]
Underfull \vbox (badness 10000) has occurred while \output is active []



Package fancyhdr Warning: \headheight is too small (14.0pt): 
(fancyhdr)                Make it at least 14.49998pt, for example:
(fancyhdr)                \setlength{\headheight}{14.49998pt}.
(fancyhdr)                You might also make \topmargin smaller to compensate:

(fancyhdr)                \addtolength{\topmargin}{-0.49998pt}.

[29]
Underfull \vbox (badness 10000) has occurred while \output is active []



Package fancyhdr Warning: \headheight is too small (14.0pt): 
(fancyhdr)                Make it at least 14.49998pt, for example:
(fancyhdr)                \setlength{\headheight}{14.49998pt}.
(fancyhdr)                You might also make \topmargin smaller to compensate:

(fancyhdr)                \addtolength{\topmargin}{-0.49998pt}.

[30]
<./figures_femu/femu_flow.pdf, id=931, 859.21pt x 261.97874pt>
File: ./figures_femu/femu_flow.pdf Graphic file (type pdf)
<use ./figures_femu/femu_flow.pdf>
Package pdftex.def Info: ./figures_femu/femu_flow.pdf  used on input line 264.
(pdftex.def)             Requested size: 417.68646pt x 127.35535pt.

Underfull \vbox (badness 10000) has occurred while \output is active []



Package fancyhdr Warning: \headheight is too small (14.0pt): 
(fancyhdr)                Make it at least 14.49998pt, for example:
(fancyhdr)                \setlength{\headheight}{14.49998pt}.
(fancyhdr)                You might also make \topmargin smaller to compensate:

(fancyhdr)                \addtolength{\topmargin}{-0.49998pt}.

[31 <./figures_femu/femu_flow.pdf>]
Underfull \vbox (badness 10000) has occurred while \output is active []



Package fancyhdr Warning: \headheight is too small (14.0pt): 
(fancyhdr)                Make it at least 14.49998pt, for example:
(fancyhdr)                \setlength{\headheight}{14.49998pt}.
(fancyhdr)                You might also make \topmargin smaller to compensate:

(fancyhdr)                \addtolength{\topmargin}{-0.49998pt}.

[32]
Underfull \vbox (badness 10000) has occurred while \output is active []



Package fancyhdr Warning: \headheight is too small (14.0pt): 
(fancyhdr)                Make it at least 14.49998pt, for example:
(fancyhdr)                \setlength{\headheight}{14.49998pt}.
(fancyhdr)                You might also make \topmargin smaller to compensate:

(fancyhdr)                \addtolength{\topmargin}{-0.49998pt}.

[33]
<./figures_femu/x-heep_femu_pl.pdf, id=960, 775.89874pt x 437.635pt>
File: ./figures_femu/x-heep_femu_pl.pdf Graphic file (type pdf)
<use ./figures_femu/x-heep_femu_pl.pdf>
Package pdftex.def Info: ./figures_femu/x-heep_femu_pl.pdf  used on input line 
312.
(pdftex.def)             Requested size: 417.68646pt x 235.59149pt.
Package svg Info: Last page of `./svg-inkscape/x-heep_femu_ps_svg-tex.pdf' is 1
 on input line 319.
 (./svg-inkscape/x-heep_femu_ps_svg-tex.pdf_tex
<./svg-inkscape/x-heep_femu_ps_svg-tex.pdf, id=962, page=1, 845.40843pt x 436.6
3126pt>
File: ./svg-inkscape/x-heep_femu_ps_svg-tex.pdf Graphic file (type pdf)
<use ./svg-inkscape/x-heep_femu_ps_svg-tex.pdf, page 1>
Package pdftex.def Info: ./svg-inkscape/x-heep_femu_ps_svg-tex.pdf , page1 used
 on input line 56.
(pdftex.def)             Requested size: 417.68646pt x 215.72339pt.
)
Underfull \vbox (badness 10000) has occurred while \output is active []



Package fancyhdr Warning: \headheight is too small (14.0pt): 
(fancyhdr)                Make it at least 14.49998pt, for example:
(fancyhdr)                \setlength{\headheight}{14.49998pt}.
(fancyhdr)                You might also make \topmargin smaller to compensate:

(fancyhdr)                \addtolength{\topmargin}{-0.49998pt}.

[34 <./figures_femu/x-heep_femu_pl.pdf>]
Underfull \hbox (badness 10000) in paragraph at lines 336--337

 []


Underfull \hbox (badness 10000) in paragraph at lines 336--337

 []


Package fancyhdr Warning: \headheight is too small (14.0pt): 
(fancyhdr)                Make it at least 14.49998pt, for example:
(fancyhdr)                \setlength{\headheight}{14.49998pt}.
(fancyhdr)                You might also make \topmargin smaller to compensate:

(fancyhdr)                \addtolength{\topmargin}{-0.49998pt}.

[35 <./svg-inkscape/x-heep_femu_ps_svg-tex.pdf>]

Package fancyhdr Warning: \headheight is too small (14.0pt): 
(fancyhdr)                Make it at least 14.49998pt, for example:
(fancyhdr)                \setlength{\headheight}{14.49998pt}.
(fancyhdr)                You might also make \topmargin smaller to compensate:

(fancyhdr)                \addtolength{\topmargin}{-0.49998pt}.

[36]
Overfull \hbox (6.75575pt too wide) in paragraph at lines 398--399
[][] \T1/futs/m/n/12 (-20) fea-tures a con-fig-urable ar-chi-tec-ture that in-c
ludes a lightweight RISC-V core [[][]36[][]],
 []


Package fancyhdr Warning: \headheight is too small (14.0pt): 
(fancyhdr)                Make it at least 14.49998pt, for example:
(fancyhdr)                \setlength{\headheight}{14.49998pt}.
(fancyhdr)                You might also make \topmargin smaller to compensate:

(fancyhdr)                \addtolength{\topmargin}{-0.49998pt}.

[37]
<./figures_femu/pinout.pdf, id=1082, 555.99718pt x 362.3136pt>
File: ./figures_femu/pinout.pdf Graphic file (type pdf)
<use ./figures_femu/pinout.pdf>
Package pdftex.def Info: ./figures_femu/pinout.pdf  used on input line 410.
(pdftex.def)             Requested size: 334.15044pt x 217.75471pt.

Underfull \vbox (badness 10000) has occurred while \output is active []



Package fancyhdr Warning: \headheight is too small (14.0pt): 
(fancyhdr)                Make it at least 14.49998pt, for example:
(fancyhdr)                \setlength{\headheight}{14.49998pt}.
(fancyhdr)                You might also make \topmargin smaller to compensate:

(fancyhdr)                \addtolength{\topmargin}{-0.49998pt}.

[38 <./figures_femu/pinout.pdf>]
Underfull \vbox (badness 10000) has occurred while \output is active []



Package fancyhdr Warning: \headheight is too small (14.0pt): 
(fancyhdr)                Make it at least 14.49998pt, for example:
(fancyhdr)                \setlength{\headheight}{14.49998pt}.
(fancyhdr)                You might also make \topmargin smaller to compensate:

(fancyhdr)                \addtolength{\topmargin}{-0.49998pt}.

[39]

Package fancyhdr Warning: \headheight is too small (14.0pt): 
(fancyhdr)                Make it at least 14.49998pt, for example:
(fancyhdr)                \setlength{\headheight}{14.49998pt}.
(fancyhdr)                You might also make \topmargin smaller to compensate:

(fancyhdr)                \addtolength{\topmargin}{-0.49998pt}.

[40]

Package fancyhdr Warning: \headheight is too small (14.0pt): 
(fancyhdr)                Make it at least 14.49998pt, for example:
(fancyhdr)                \setlength{\headheight}{14.49998pt}.
(fancyhdr)                You might also make \topmargin smaller to compensate:

(fancyhdr)                \addtolength{\topmargin}{-0.49998pt}.

[41]

Package fancyhdr Warning: \headheight is too small (14.0pt): 
(fancyhdr)                Make it at least 14.49998pt, for example:
(fancyhdr)                \setlength{\headheight}{14.49998pt}.
(fancyhdr)                You might also make \topmargin smaller to compensate:

(fancyhdr)                \addtolength{\topmargin}{-0.49998pt}.

[42]
<./figures_femu/snippet.png, id=1120, 3775.10374pt x 2832.5825pt>
File: ./figures_femu/snippet.png Graphic file (type png)
<use ./figures_femu/snippet.png>
Package pdftex.def Info: ./figures_femu/snippet.png  used on input line 536.
(pdftex.def)             Requested size: 375.91525pt x 282.02142pt.

Underfull \vbox (badness 10000) has occurred while \output is active []



Package fancyhdr Warning: \headheight is too small (14.0pt): 
(fancyhdr)                Make it at least 14.49998pt, for example:
(fancyhdr)                \setlength{\headheight}{14.49998pt}.
(fancyhdr)                You might also make \topmargin smaller to compensate:

(fancyhdr)                \addtolength{\topmargin}{-0.49998pt}.

[43]

Package fancyhdr Warning: \headheight is too small (14.0pt): 
(fancyhdr)                Make it at least 14.49998pt, for example:
(fancyhdr)                \setlength{\headheight}{14.49998pt}.
(fancyhdr)                You might also make \topmargin smaller to compensate:

(fancyhdr)                \addtolength{\topmargin}{-0.49998pt}.

[44 <./figures_femu/snippet.png>]

Package fancyhdr Warning: \headheight is too small (14.0pt): 
(fancyhdr)                Make it at least 14.49998pt, for example:
(fancyhdr)                \setlength{\headheight}{14.49998pt}.
(fancyhdr)                You might also make \topmargin smaller to compensate:

(fancyhdr)                \addtolength{\topmargin}{-0.49998pt}.

[45]
Underfull \hbox (badness 7667) in paragraph at lines 598--598
[]\T1/futs/m/n/12 (+20) Table 2.3: |Ex-per-i-men-tal setup for sig-nal ac-qui-s
i-tion char-ac-ter-i-za-tion on
 []


Package fancyhdr Warning: \headheight is too small (14.0pt): 
(fancyhdr)                Make it at least 14.49998pt, for example:
(fancyhdr)                \setlength{\headheight}{14.49998pt}.
(fancyhdr)                You might also make \topmargin smaller to compensate:

(fancyhdr)                \addtolength{\topmargin}{-0.49998pt}.

[46]
Underfull \vbox (badness 10000) has occurred while \output is active []



Package fancyhdr Warning: \headheight is too small (14.0pt): 
(fancyhdr)                Make it at least 14.49998pt, for example:
(fancyhdr)                \setlength{\headheight}{14.49998pt}.
(fancyhdr)                You might also make \topmargin smaller to compensate:

(fancyhdr)                \addtolength{\topmargin}{-0.49998pt}.

[47]

Package fancyhdr Warning: \headheight is too small (14.0pt): 
(fancyhdr)                Make it at least 14.49998pt, for example:
(fancyhdr)                \setlength{\headheight}{14.49998pt}.
(fancyhdr)                You might also make \topmargin smaller to compensate:

(fancyhdr)                \addtolength{\topmargin}{-0.49998pt}.

[48]
Underfull \hbox (badness 10000) in paragraph at lines 689--690

 []


Package fancyhdr Warning: \headheight is too small (14.0pt): 
(fancyhdr)                Make it at least 14.49998pt, for example:
(fancyhdr)                \setlength{\headheight}{14.49998pt}.
(fancyhdr)                You might also make \topmargin smaller to compensate:

(fancyhdr)                \addtolength{\topmargin}{-0.49998pt}.

[49]
Underfull \vbox (badness 10000) has occurred while \output is active []



Package fancyhdr Warning: \headheight is too small (14.0pt): 
(fancyhdr)                Make it at least 14.49998pt, for example:
(fancyhdr)                \setlength{\headheight}{14.49998pt}.
(fancyhdr)                You might also make \topmargin smaller to compensate:

(fancyhdr)                \addtolength{\topmargin}{-0.49998pt}.

[50]
<./figures_femu/acquisition.pdf, id=1188, 1397.44287pt x 523.43805pt>
File: ./figures_femu/acquisition.pdf Graphic file (type pdf)
<use ./figures_femu/acquisition.pdf>
Package pdftex.def Info: ./figures_femu/acquisition.pdf  used on input line 745
.
(pdftex.def)             Requested size: 417.68646pt x 156.44957pt.

Underfull \vbox (badness 6173) has occurred while \output is active []



Package fancyhdr Warning: \headheight is too small (14.0pt): 
(fancyhdr)                Make it at least 14.49998pt, for example:
(fancyhdr)                \setlength{\headheight}{14.49998pt}.
(fancyhdr)                You might also make \topmargin smaller to compensate:

(fancyhdr)                \addtolength{\topmargin}{-0.49998pt}.

[51]
Underfull \vbox (badness 10000) has occurred while \output is active []



Package fancyhdr Warning: \headheight is too small (14.0pt): 
(fancyhdr)                Make it at least 14.49998pt, for example:
(fancyhdr)                \setlength{\headheight}{14.49998pt}.
(fancyhdr)                You might also make \topmargin smaller to compensate:

(fancyhdr)                \addtolength{\topmargin}{-0.49998pt}.

[52 <./figures_femu/acquisition.pdf>]
<./figures_femu/processing.pdf, id=1247, 1397.27415pt x 523.43805pt>
File: ./figures_femu/processing.pdf Graphic file (type pdf)
<use ./figures_femu/processing.pdf>
Package pdftex.def Info: ./figures_femu/processing.pdf  used on input line 798.

(pdftex.def)             Requested size: 417.68646pt x 156.46555pt.

Underfull \vbox (badness 10000) has occurred while \output is active []



Package fancyhdr Warning: \headheight is too small (14.0pt): 
(fancyhdr)                Make it at least 14.49998pt, for example:
(fancyhdr)                \setlength{\headheight}{14.49998pt}.
(fancyhdr)                You might also make \topmargin smaller to compensate:

(fancyhdr)                \addtolength{\topmargin}{-0.49998pt}.

[53]
Underfull \vbox (badness 3769) has occurred while \output is active []



Package fancyhdr Warning: \headheight is too small (14.0pt): 
(fancyhdr)                Make it at least 14.49998pt, for example:
(fancyhdr)                \setlength{\headheight}{14.49998pt}.
(fancyhdr)                You might also make \topmargin smaller to compensate:

(fancyhdr)                \addtolength{\topmargin}{-0.49998pt}.

[54 <./figures_femu/processing.pdf>]

Package fancyhdr Warning: \headheight is too small (14.0pt): 
(fancyhdr)                Make it at least 14.49998pt, for example:
(fancyhdr)                \setlength{\headheight}{14.49998pt}.
(fancyhdr)                You might also make \topmargin smaller to compensate:

(fancyhdr)                \addtolength{\topmargin}{-0.49998pt}.

[55]) (./main/3_x-heep.tex

Package fancyhdr Warning: \headheight is too small (14.0pt): 
(fancyhdr)                Make it at least 14.49998pt, for example:
(fancyhdr)                \setlength{\headheight}{14.49998pt}.
(fancyhdr)                You might also make \topmargin smaller to compensate:

(fancyhdr)                \addtolength{\topmargin}{-0.49998pt}.

[56]
Chapter 3.

Underfull \vbox (badness 10000) has occurred while \output is active []

 [57

]
Underfull \vbox (badness 10000) has occurred while \output is active []



Package fancyhdr Warning: \headheight is too small (14.0pt): 
(fancyhdr)                Make it at least 14.49998pt, for example:
(fancyhdr)                \setlength{\headheight}{14.49998pt}.
(fancyhdr)                You might also make \topmargin smaller to compensate:

(fancyhdr)                \addtolength{\topmargin}{-0.49998pt}.

[58]
Underfull \vbox (badness 10000) has occurred while \output is active []



Package fancyhdr Warning: \headheight is too small (14.0pt): 
(fancyhdr)                Make it at least 14.49998pt, for example:
(fancyhdr)                \setlength{\headheight}{14.49998pt}.
(fancyhdr)                You might also make \topmargin smaller to compensate:

(fancyhdr)                \addtolength{\topmargin}{-0.49998pt}.

[59]

Package fancyhdr Warning: \headheight is too small (14.0pt): 
(fancyhdr)                Make it at least 14.49998pt, for example:
(fancyhdr)                \setlength{\headheight}{14.49998pt}.
(fancyhdr)                You might also make \topmargin smaller to compensate:

(fancyhdr)                \addtolength{\topmargin}{-0.49998pt}.

[60]

Package fancyhdr Warning: \headheight is too small (14.0pt): 
(fancyhdr)                Make it at least 14.49998pt, for example:
(fancyhdr)                \setlength{\headheight}{14.49998pt}.
(fancyhdr)                You might also make \topmargin smaller to compensate:

(fancyhdr)                \addtolength{\topmargin}{-0.49998pt}.

[61]
Underfull \vbox (badness 10000) has occurred while \output is active []



Package fancyhdr Warning: \headheight is too small (14.0pt): 
(fancyhdr)                Make it at least 14.49998pt, for example:
(fancyhdr)                \setlength{\headheight}{14.49998pt}.
(fancyhdr)                You might also make \topmargin smaller to compensate:

(fancyhdr)                \addtolength{\topmargin}{-0.49998pt}.

[62]
Underfull \vbox (badness 10000) has occurred while \output is active []



Package fancyhdr Warning: \headheight is too small (14.0pt): 
(fancyhdr)                Make it at least 14.49998pt, for example:
(fancyhdr)                \setlength{\headheight}{14.49998pt}.
(fancyhdr)                You might also make \topmargin smaller to compensate:

(fancyhdr)                \addtolength{\topmargin}{-0.49998pt}.

[63]
Underfull \vbox (badness 10000) has occurred while \output is active []



Package fancyhdr Warning: \headheight is too small (14.0pt): 
(fancyhdr)                Make it at least 14.49998pt, for example:
(fancyhdr)                \setlength{\headheight}{14.49998pt}.
(fancyhdr)                You might also make \topmargin smaller to compensate:

(fancyhdr)                \addtolength{\topmargin}{-0.49998pt}.

[64]
Underfull \vbox (badness 10000) has occurred while \output is active []



Package fancyhdr Warning: \headheight is too small (14.0pt): 
(fancyhdr)                Make it at least 14.49998pt, for example:
(fancyhdr)                \setlength{\headheight}{14.49998pt}.
(fancyhdr)                You might also make \topmargin smaller to compensate:

(fancyhdr)                \addtolength{\topmargin}{-0.49998pt}.

[65]
Underfull \vbox (badness 10000) has occurred while \output is active []



Package fancyhdr Warning: \headheight is too small (14.0pt): 
(fancyhdr)                Make it at least 14.49998pt, for example:
(fancyhdr)                \setlength{\headheight}{14.49998pt}.
(fancyhdr)                You might also make \topmargin smaller to compensate:

(fancyhdr)                \addtolength{\topmargin}{-0.49998pt}.

[66]
Underfull \hbox (badness 10000) in paragraph at lines 173--174

 []


Underfull \vbox (badness 10000) has occurred while \output is active []



Package fancyhdr Warning: \headheight is too small (14.0pt): 
(fancyhdr)                Make it at least 14.49998pt, for example:
(fancyhdr)                \setlength{\headheight}{14.49998pt}.
(fancyhdr)                You might also make \topmargin smaller to compensate:

(fancyhdr)                \addtolength{\topmargin}{-0.49998pt}.

[67]
Underfull \vbox (badness 10000) has occurred while \output is active []



Package fancyhdr Warning: \headheight is too small (14.0pt): 
(fancyhdr)                Make it at least 14.49998pt, for example:
(fancyhdr)                \setlength{\headheight}{14.49998pt}.
(fancyhdr)                You might also make \topmargin smaller to compensate:

(fancyhdr)                \addtolength{\topmargin}{-0.49998pt}.

[68]
<./figures_x-heep/x-heep_Schematic.pdf, id=1463, 658.46pt x 350.30875pt>
File: ./figures_x-heep/x-heep_Schematic.pdf Graphic file (type pdf)
<use ./figures_x-heep/x-heep_Schematic.pdf>
Package pdftex.def Info: ./figures_x-heep/x-heep_Schematic.pdf  used on input l
ine 203.
(pdftex.def)             Requested size: 417.68646pt x 222.21907pt.

Underfull \vbox (badness 4967) has occurred while \output is active []



Package fancyhdr Warning: \headheight is too small (14.0pt): 
(fancyhdr)                Make it at least 14.49998pt, for example:
(fancyhdr)                \setlength{\headheight}{14.49998pt}.
(fancyhdr)                You might also make \topmargin smaller to compensate:

(fancyhdr)                \addtolength{\topmargin}{-0.49998pt}.

[69 <./figures_x-heep/X-HEEP_Schematic.pdf>]
Underfull \vbox (badness 10000) has occurred while \output is active []



Package fancyhdr Warning: \headheight is too small (14.0pt): 
(fancyhdr)                Make it at least 14.49998pt, for example:
(fancyhdr)                \setlength{\headheight}{14.49998pt}.
(fancyhdr)                You might also make \topmargin smaller to compensate:

(fancyhdr)                \addtolength{\topmargin}{-0.49998pt}.

[70]
Underfull \vbox (badness 10000) has occurred while \output is active []



Package fancyhdr Warning: \headheight is too small (14.0pt): 
(fancyhdr)                Make it at least 14.49998pt, for example:
(fancyhdr)                \setlength{\headheight}{14.49998pt}.
(fancyhdr)                You might also make \topmargin smaller to compensate:

(fancyhdr)                \addtolength{\topmargin}{-0.49998pt}.

[71]
Underfull \vbox (badness 10000) has occurred while \output is active []



Package fancyhdr Warning: \headheight is too small (14.0pt): 
(fancyhdr)                Make it at least 14.49998pt, for example:
(fancyhdr)                \setlength{\headheight}{14.49998pt}.
(fancyhdr)                You might also make \topmargin smaller to compensate:

(fancyhdr)                \addtolength{\topmargin}{-0.49998pt}.

[72]

Package fancyhdr Warning: \headheight is too small (14.0pt): 
(fancyhdr)                Make it at least 14.49998pt, for example:
(fancyhdr)                \setlength{\headheight}{14.49998pt}.
(fancyhdr)                You might also make \topmargin smaller to compensate:

(fancyhdr)                \addtolength{\topmargin}{-0.49998pt}.

[73]

Package fancyhdr Warning: \headheight is too small (14.0pt): 
(fancyhdr)                Make it at least 14.49998pt, for example:
(fancyhdr)                \setlength{\headheight}{14.49998pt}.
(fancyhdr)                You might also make \topmargin smaller to compensate:

(fancyhdr)                \addtolength{\topmargin}{-0.49998pt}.

[74]

Package fancyhdr Warning: \headheight is too small (14.0pt): 
(fancyhdr)                Make it at least 14.49998pt, for example:
(fancyhdr)                \setlength{\headheight}{14.49998pt}.
(fancyhdr)                You might also make \topmargin smaller to compensate:

(fancyhdr)                \addtolength{\topmargin}{-0.49998pt}.

[75]
Underfull \vbox (badness 10000) has occurred while \output is active []



Package fancyhdr Warning: \headheight is too small (14.0pt): 
(fancyhdr)                Make it at least 14.49998pt, for example:
(fancyhdr)                \setlength{\headheight}{14.49998pt}.
(fancyhdr)                You might also make \topmargin smaller to compensate:

(fancyhdr)                \addtolength{\topmargin}{-0.49998pt}.

[76]

Package fancyhdr Warning: \headheight is too small (14.0pt): 
(fancyhdr)                Make it at least 14.49998pt, for example:
(fancyhdr)                \setlength{\headheight}{14.49998pt}.
(fancyhdr)                You might also make \topmargin smaller to compensate:

(fancyhdr)                \addtolength{\topmargin}{-0.49998pt}.

[77]

Package fancyhdr Warning: \headheight is too small (14.0pt): 
(fancyhdr)                Make it at least 14.49998pt, for example:
(fancyhdr)                \setlength{\headheight}{14.49998pt}.
(fancyhdr)                You might also make \topmargin smaller to compensate:

(fancyhdr)                \addtolength{\topmargin}{-0.49998pt}.

[78]

Package fancyhdr Warning: \headheight is too small (14.0pt): 
(fancyhdr)                Make it at least 14.49998pt, for example:
(fancyhdr)                \setlength{\headheight}{14.49998pt}.
(fancyhdr)                You might also make \topmargin smaller to compensate:

(fancyhdr)                \addtolength{\topmargin}{-0.49998pt}.

[79]

Package fancyhdr Warning: \headheight is too small (14.0pt): 
(fancyhdr)                Make it at least 14.49998pt, for example:
(fancyhdr)                \setlength{\headheight}{14.49998pt}.
(fancyhdr)                You might also make \topmargin smaller to compensate:

(fancyhdr)                \addtolength{\topmargin}{-0.49998pt}.

[80]
<./figures_x-heep/heepocrates.pdf, id=1559, 700.6175pt x 365.365pt>
File: ./figures_x-heep/heepocrates.pdf Graphic file (type pdf)
<use ./figures_x-heep/heepocrates.pdf>
Package pdftex.def Info: ./figures_x-heep/heepocrates.pdf  used on input line 4
51.
(pdftex.def)             Requested size: 334.15044pt x 174.2582pt.


Package fancyhdr Warning: \headheight is too small (14.0pt): 
(fancyhdr)                Make it at least 14.49998pt, for example:
(fancyhdr)                \setlength{\headheight}{14.49998pt}.
(fancyhdr)                You might also make \topmargin smaller to compensate:

(fancyhdr)                \addtolength{\topmargin}{-0.49998pt}.

[81 <./figures_x-heep/heepocrates.pdf>]
Underfull \vbox (badness 10000) has occurred while \output is active []



Package fancyhdr Warning: \headheight is too small (14.0pt): 
(fancyhdr)                Make it at least 14.49998pt, for example:
(fancyhdr)                \setlength{\headheight}{14.49998pt}.
(fancyhdr)                You might also make \topmargin smaller to compensate:

(fancyhdr)                \addtolength{\topmargin}{-0.49998pt}.

[82]
<./figures_x-heep/layout.png, id=1590, 3114.63625pt x 1440.38126pt>
File: ./figures_x-heep/layout.png Graphic file (type png)
<use ./figures_x-heep/layout.png>
Package pdftex.def Info: ./figures_x-heep/layout.png  used on input line 491.
(pdftex.def)             Requested size: 417.68646pt x 193.14635pt.


Package fancyhdr Warning: \headheight is too small (14.0pt): 
(fancyhdr)                Make it at least 14.49998pt, for example:
(fancyhdr)                \setlength{\headheight}{14.49998pt}.
(fancyhdr)                You might also make \topmargin smaller to compensate:

(fancyhdr)                \addtolength{\topmargin}{-0.49998pt}.

[83 <./figures_x-heep/layout.png>]
Underfull \vbox (badness 10000) has occurred while \output is active []



Package fancyhdr Warning: \headheight is too small (14.0pt): 
(fancyhdr)                Make it at least 14.49998pt, for example:
(fancyhdr)                \setlength{\headheight}{14.49998pt}.
(fancyhdr)                You might also make \topmargin smaller to compensate:

(fancyhdr)                \addtolength{\topmargin}{-0.49998pt}.

[84]
Overfull \hbox (6.18925pt too wide) in paragraph at lines 533--534
[]\T1/futs/b/n/12 (-20) HEEPocrates sil-i-con char-ac-ter-i-za-tion: \T1/futs/m
/n/12 (-20) The phys-i-cal be-hav-ior of the []
 []


Package fancyhdr Warning: \headheight is too small (14.0pt): 
(fancyhdr)                Make it at least 14.49998pt, for example:
(fancyhdr)                \setlength{\headheight}{14.49998pt}.
(fancyhdr)                You might also make \topmargin smaller to compensate:

(fancyhdr)                \addtolength{\topmargin}{-0.49998pt}.

[85]
<./figures_x-heep/board.png, id=1613, 2690.55188pt x 1713.40125pt>
File: ./figures_x-heep/board.png Graphic file (type png)
<use ./figures_x-heep/board.png>
Package pdftex.def Info: ./figures_x-heep/board.png  used on input line 563.
(pdftex.def)             Requested size: 334.15044pt x 212.78897pt.


Package fancyhdr Warning: \headheight is too small (14.0pt): 
(fancyhdr)                Make it at least 14.49998pt, for example:
(fancyhdr)                \setlength{\headheight}{14.49998pt}.
(fancyhdr)                You might also make \topmargin smaller to compensate:

(fancyhdr)                \addtolength{\topmargin}{-0.49998pt}.

[86]

Package fancyhdr Warning: \headheight is too small (14.0pt): 
(fancyhdr)                Make it at least 14.49998pt, for example:
(fancyhdr)                \setlength{\headheight}{14.49998pt}.
(fancyhdr)                You might also make \topmargin smaller to compensate:

(fancyhdr)                \addtolength{\topmargin}{-0.49998pt}.

[87 <./figures_x-heep/board.png>]

Package fancyhdr Warning: \headheight is too small (14.0pt): 
(fancyhdr)                Make it at least 14.49998pt, for example:
(fancyhdr)                \setlength{\headheight}{14.49998pt}.
(fancyhdr)                You might also make \topmargin smaller to compensate:

(fancyhdr)                \addtolength{\topmargin}{-0.49998pt}.

[88]

Package fancyhdr Warning: \headheight is too small (14.0pt): 
(fancyhdr)                Make it at least 14.49998pt, for example:
(fancyhdr)                \setlength{\headheight}{14.49998pt}.
(fancyhdr)                You might also make \topmargin smaller to compensate:

(fancyhdr)                \addtolength{\topmargin}{-0.49998pt}.

[89]

Package fancyhdr Warning: \headheight is too small (14.0pt): 
(fancyhdr)                Make it at least 14.49998pt, for example:
(fancyhdr)                \setlength{\headheight}{14.49998pt}.
(fancyhdr)                You might also make \topmargin smaller to compensate:

(fancyhdr)                \addtolength{\topmargin}{-0.49998pt}.

[90]

Package fancyhdr Warning: \headheight is too small (14.0pt): 
(fancyhdr)                Make it at least 14.49998pt, for example:
(fancyhdr)                \setlength{\headheight}{14.49998pt}.
(fancyhdr)                You might also make \topmargin smaller to compensate:

(fancyhdr)                \addtolength{\topmargin}{-0.49998pt}.

[91]
<./figures_x-heep/pie_area.pdf, id=1665, 515.04419pt x 515.04419pt>
File: ./figures_x-heep/pie_area.pdf Graphic file (type pdf)
<use ./figures_x-heep/pie_area.pdf>
Package pdftex.def Info: ./figures_x-heep/pie_area.pdf  used on input line 749.

(pdftex.def)             Requested size: 167.07202pt x 167.07301pt.
<./figures_x-heep/pie_leakage.pdf, id=1666, 506.85359pt x 506.85359pt>
File: ./figures_x-heep/pie_leakage.pdf Graphic file (type pdf)
<use ./figures_x-heep/pie_leakage.pdf>
Package pdftex.def Info: ./figures_x-heep/pie_leakage.pdf  used on input line 7
50.
(pdftex.def)             Requested size: 167.07202pt x 167.06885pt.

Underfull \vbox (badness 10000) has occurred while \output is active []



Package fancyhdr Warning: \headheight is too small (14.0pt): 
(fancyhdr)                Make it at least 14.49998pt, for example:
(fancyhdr)                \setlength{\headheight}{14.49998pt}.
(fancyhdr)                You might also make \topmargin smaller to compensate:

(fancyhdr)                \addtolength{\topmargin}{-0.49998pt}.

[92]

Package fancyhdr Warning: \headheight is too small (14.0pt): 
(fancyhdr)                Make it at least 14.49998pt, for example:
(fancyhdr)                \setlength{\headheight}{14.49998pt}.
(fancyhdr)                You might also make \topmargin smaller to compensate:

(fancyhdr)                \addtolength{\topmargin}{-0.49998pt}.

[93 <./figures_x-heep/pie_area.pdf> <./figures_x-heep/pie_leakage.pdf>]
<figures_x-heep/bus.pdf, id=1736, 1397.20493pt x 495.72719pt>
File: figures_x-heep/bus.pdf Graphic file (type pdf)
<use figures_x-heep/bus.pdf>
Package pdftex.def Info: figures_x-heep/bus.pdf  used on input line 800.
(pdftex.def)             Requested size: 417.68646pt x 148.1898pt.


Package fancyhdr Warning: \headheight is too small (14.0pt): 
(fancyhdr)                Make it at least 14.49998pt, for example:
(fancyhdr)                \setlength{\headheight}{14.49998pt}.
(fancyhdr)                You might also make \topmargin smaller to compensate:

(fancyhdr)                \addtolength{\topmargin}{-0.49998pt}.

[94]
Underfull \vbox (badness 10000) has occurred while \output is active []



Package fancyhdr Warning: \headheight is too small (14.0pt): 
(fancyhdr)                Make it at least 14.49998pt, for example:
(fancyhdr)                \setlength{\headheight}{14.49998pt}.
(fancyhdr)                You might also make \topmargin smaller to compensate:

(fancyhdr)                \addtolength{\topmargin}{-0.49998pt}.

[95 <./figures_x-heep/bus.pdf>]
<./figures_x-heep/freq_pwr.pdf, id=1794, 1396.73564pt x 406.81987pt>
File: ./figures_x-heep/freq_pwr.pdf Graphic file (type pdf)
<use ./figures_x-heep/freq_pwr.pdf>
Package pdftex.def Info: ./figures_x-heep/freq_pwr.pdf  used on input line 854.

(pdftex.def)             Requested size: 417.68646pt x 121.65582pt.
<./figures_x-heep/lkg_dyn.pdf, id=1795, 1396.7457pt x 406.81987pt>
File: ./figures_x-heep/lkg_dyn.pdf Graphic file (type pdf)
<use ./figures_x-heep/lkg_dyn.pdf>
Package pdftex.def Info: ./figures_x-heep/lkg_dyn.pdf  used on input line 860.
(pdftex.def)             Requested size: 417.68646pt x 121.65582pt.

Underfull \vbox (badness 10000) has occurred while \output is active []



Package fancyhdr Warning: \headheight is too small (14.0pt): 
(fancyhdr)                Make it at least 14.49998pt, for example:
(fancyhdr)                \setlength{\headheight}{14.49998pt}.
(fancyhdr)                You might also make \topmargin smaller to compensate:

(fancyhdr)                \addtolength{\topmargin}{-0.49998pt}.

[96]
Underfull \vbox (badness 10000) has occurred while \output is active []



Package fancyhdr Warning: \headheight is too small (14.0pt): 
(fancyhdr)                Make it at least 14.49998pt, for example:
(fancyhdr)                \setlength{\headheight}{14.49998pt}.
(fancyhdr)                You might also make \topmargin smaller to compensate:

(fancyhdr)                \addtolength{\topmargin}{-0.49998pt}.

[97 <./figures_x-heep/freq_pwr.pdf> <./figures_x-heep/lkg_dyn.pdf>]
<./figures_x-heep/proc_energy.pdf, id=1899, 1540.973pt x 641.61319pt>
File: ./figures_x-heep/proc_energy.pdf Graphic file (type pdf)
<use ./figures_x-heep/proc_energy.pdf>
Package pdftex.def Info: ./figures_x-heep/proc_energy.pdf  used on input line 9
46.
(pdftex.def)             Requested size: 417.68646pt x 173.90361pt.


Package fancyhdr Warning: \headheight is too small (14.0pt): 
(fancyhdr)                Make it at least 14.49998pt, for example:
(fancyhdr)                \setlength{\headheight}{14.49998pt}.
(fancyhdr)                You might also make \topmargin smaller to compensate:

(fancyhdr)                \addtolength{\topmargin}{-0.49998pt}.

[98]

Package fancyhdr Warning: \headheight is too small (14.0pt): 
(fancyhdr)                Make it at least 14.49998pt, for example:
(fancyhdr)                \setlength{\headheight}{14.49998pt}.
(fancyhdr)                You might also make \topmargin smaller to compensate:

(fancyhdr)                \addtolength{\topmargin}{-0.49998pt}.

[99 <./figures_x-heep/proc_energy.pdf>]
Underfull \vbox (badness 10000) has occurred while \output is active []



Package fancyhdr Warning: \headheight is too small (14.0pt): 
(fancyhdr)                Make it at least 14.49998pt, for example:
(fancyhdr)                \setlength{\headheight}{14.49998pt}.
(fancyhdr)                You might also make \topmargin smaller to compensate:

(fancyhdr)                \addtolength{\topmargin}{-0.49998pt}.

[100]
Underfull \vbox (badness 10000) has occurred while \output is active []



Package fancyhdr Warning: \headheight is too small (14.0pt): 
(fancyhdr)                Make it at least 14.49998pt, for example:
(fancyhdr)                \setlength{\headheight}{14.49998pt}.
(fancyhdr)                You might also make \topmargin smaller to compensate:

(fancyhdr)                \addtolength{\topmargin}{-0.49998pt}.

[101]
Underfull \vbox (badness 10000) has occurred while \output is active []



Package fancyhdr Warning: \headheight is too small (14.0pt): 
(fancyhdr)                Make it at least 14.49998pt, for example:
(fancyhdr)                \setlength{\headheight}{14.49998pt}.
(fancyhdr)                You might also make \topmargin smaller to compensate:

(fancyhdr)                \addtolength{\topmargin}{-0.49998pt}.

[102]
Underfull \vbox (badness 10000) has occurred while \output is active []



Package fancyhdr Warning: \headheight is too small (14.0pt): 
(fancyhdr)                Make it at least 14.49998pt, for example:
(fancyhdr)                \setlength{\headheight}{14.49998pt}.
(fancyhdr)                You might also make \topmargin smaller to compensate:

(fancyhdr)                \addtolength{\topmargin}{-0.49998pt}.

[103]) (./main/4_e-gpu.tex

Package fancyhdr Warning: \headheight is too small (14.0pt): 
(fancyhdr)                Make it at least 14.49998pt, for example:
(fancyhdr)                \setlength{\headheight}{14.49998pt}.
(fancyhdr)                You might also make \topmargin smaller to compensate:

(fancyhdr)                \addtolength{\topmargin}{-0.49998pt}.

[104]

Package fancyhdr Warning: \headheight is too small (14.0pt): 
(fancyhdr)                Make it at least 14.49998pt, for example:
(fancyhdr)                \setlength{\headheight}{14.49998pt}.
(fancyhdr)                You might also make \topmargin smaller to compensate:

(fancyhdr)                \addtolength{\topmargin}{-0.49998pt}.

[105] [106

]
Chapter 4.

Underfull \vbox (badness 10000) has occurred while \output is active []

 [107]
Underfull \vbox (badness 10000) has occurred while \output is active []



Package fancyhdr Warning: \headheight is too small (14.0pt): 
(fancyhdr)                Make it at least 14.49998pt, for example:
(fancyhdr)                \setlength{\headheight}{14.49998pt}.
(fancyhdr)                You might also make \topmargin smaller to compensate:

(fancyhdr)                \addtolength{\topmargin}{-0.49998pt}.

[108]
Underfull \vbox (badness 10000) has occurred while \output is active []



Package fancyhdr Warning: \headheight is too small (14.0pt): 
(fancyhdr)                Make it at least 14.49998pt, for example:
(fancyhdr)                \setlength{\headheight}{14.49998pt}.
(fancyhdr)                You might also make \topmargin smaller to compensate:

(fancyhdr)                \addtolength{\topmargin}{-0.49998pt}.

[109]
Underfull \hbox (badness 10000) in paragraph at lines 47--48

 []


Underfull \hbox (badness 10000) in paragraph at lines 47--48

 []


Underfull \vbox (badness 10000) has occurred while \output is active []



Package fancyhdr Warning: \headheight is too small (14.0pt): 
(fancyhdr)                Make it at least 14.49998pt, for example:
(fancyhdr)                \setlength{\headheight}{14.49998pt}.
(fancyhdr)                You might also make \topmargin smaller to compensate:

(fancyhdr)                \addtolength{\topmargin}{-0.49998pt}.

[110]

Package fancyhdr Warning: \headheight is too small (14.0pt): 
(fancyhdr)                Make it at least 14.49998pt, for example:
(fancyhdr)                \setlength{\headheight}{14.49998pt}.
(fancyhdr)                You might also make \topmargin smaller to compensate:

(fancyhdr)                \addtolength{\topmargin}{-0.49998pt}.

[111]
Underfull \vbox (badness 10000) has occurred while \output is active []



Package fancyhdr Warning: \headheight is too small (14.0pt): 
(fancyhdr)                Make it at least 14.49998pt, for example:
(fancyhdr)                \setlength{\headheight}{14.49998pt}.
(fancyhdr)                You might also make \topmargin smaller to compensate:

(fancyhdr)                \addtolength{\topmargin}{-0.49998pt}.

[112]
Underfull \vbox (badness 10000) has occurred while \output is active []



Package fancyhdr Warning: \headheight is too small (14.0pt): 
(fancyhdr)                Make it at least 14.49998pt, for example:
(fancyhdr)                \setlength{\headheight}{14.49998pt}.
(fancyhdr)                You might also make \topmargin smaller to compensate:

(fancyhdr)                \addtolength{\topmargin}{-0.49998pt}.

[113]

Package fancyhdr Warning: \headheight is too small (14.0pt): 
(fancyhdr)                Make it at least 14.49998pt, for example:
(fancyhdr)                \setlength{\headheight}{14.49998pt}.
(fancyhdr)                You might also make \topmargin smaller to compensate:

(fancyhdr)                \addtolength{\topmargin}{-0.49998pt}.

[114]
Underfull \vbox (badness 10000) has occurred while \output is active []



Package fancyhdr Warning: \headheight is too small (14.0pt): 
(fancyhdr)                Make it at least 14.49998pt, for example:
(fancyhdr)                \setlength{\headheight}{14.49998pt}.
(fancyhdr)                You might also make \topmargin smaller to compensate:

(fancyhdr)                \addtolength{\topmargin}{-0.49998pt}.

[115]
Underfull \vbox (badness 10000) has occurred while \output is active []



Package fancyhdr Warning: \headheight is too small (14.0pt): 
(fancyhdr)                Make it at least 14.49998pt, for example:
(fancyhdr)                \setlength{\headheight}{14.49998pt}.
(fancyhdr)                You might also make \topmargin smaller to compensate:

(fancyhdr)                \addtolength{\topmargin}{-0.49998pt}.

[116]
Underfull \vbox (badness 10000) has occurred while \output is active []



Package fancyhdr Warning: \headheight is too small (14.0pt): 
(fancyhdr)                Make it at least 14.49998pt, for example:
(fancyhdr)                \setlength{\headheight}{14.49998pt}.
(fancyhdr)                You might also make \topmargin smaller to compensate:

(fancyhdr)                \addtolength{\topmargin}{-0.49998pt}.

[117]
Underfull \vbox (badness 10000) has occurred while \output is active []



Package fancyhdr Warning: \headheight is too small (14.0pt): 
(fancyhdr)                Make it at least 14.49998pt, for example:
(fancyhdr)                \setlength{\headheight}{14.49998pt}.
(fancyhdr)                You might also make \topmargin smaller to compensate:

(fancyhdr)                \addtolength{\topmargin}{-0.49998pt}.

[118]
<./figures_e-gpu/platform_model.pdf, id=2154, 612.2875pt x 334.24875pt>
File: ./figures_e-gpu/platform_model.pdf Graphic file (type pdf)
<use ./figures_e-gpu/platform_model.pdf>
Package pdftex.def Info: ./figures_e-gpu/platform_model.pdf  used on input line
 212.
(pdftex.def)             Requested size: 375.91525pt x 205.21239pt.


Package fancyhdr Warning: \headheight is too small (14.0pt): 
(fancyhdr)                Make it at least 14.49998pt, for example:
(fancyhdr)                \setlength{\headheight}{14.49998pt}.
(fancyhdr)                You might also make \topmargin smaller to compensate:

(fancyhdr)                \addtolength{\topmargin}{-0.49998pt}.

[119]
Underfull \vbox (badness 4872) has occurred while \output is active []



Package fancyhdr Warning: \headheight is too small (14.0pt): 
(fancyhdr)                Make it at least 14.49998pt, for example:
(fancyhdr)                \setlength{\headheight}{14.49998pt}.
(fancyhdr)                You might also make \topmargin smaller to compensate:

(fancyhdr)                \addtolength{\topmargin}{-0.49998pt}.

[120 <./figures_e-gpu/platform_model.pdf>]
<./figures_e-gpu/execution_model.pdf, id=2186, 531.9875pt x 560.0925pt>
File: ./figures_e-gpu/execution_model.pdf Graphic file (type pdf)
<use ./figures_e-gpu/execution_model.pdf>
Package pdftex.def Info: ./figures_e-gpu/execution_model.pdf  used on input lin
e 229.
(pdftex.def)             Requested size: 229.72882pt x 241.86063pt.

Underfull \hbox (badness 10000) in paragraph at lines 236--237

 []

<./figures_e-gpu/memory_model.pdf, id=2187, 527.9725pt x 454.69875pt>
File: ./figures_e-gpu/memory_model.pdf Graphic file (type pdf)
<use ./figures_e-gpu/memory_model.pdf>
Package pdftex.def Info: ./figures_e-gpu/memory_model.pdf  used on input line 2
40.
(pdftex.def)             Requested size: 292.37924pt x 251.7988pt.

Package fancyhdr Warning: \headheight is too small (14.0pt): 
(fancyhdr)                Make it at least 14.49998pt, for example:
(fancyhdr)                \setlength{\headheight}{14.49998pt}.
(fancyhdr)                You might also make \topmargin smaller to compensate:

(fancyhdr)                \addtolength{\topmargin}{-0.49998pt}.

[121 <./figures_e-gpu/execution_model.pdf>]

Package fancyhdr Warning: \headheight is too small (14.0pt): 
(fancyhdr)                Make it at least 14.49998pt, for example:
(fancyhdr)                \setlength{\headheight}{14.49998pt}.
(fancyhdr)                You might also make \topmargin smaller to compensate:

(fancyhdr)                \addtolength{\topmargin}{-0.49998pt}.

[122 <./figures_e-gpu/memory_model.pdf>]

Package fancyhdr Warning: \headheight is too small (14.0pt): 
(fancyhdr)                Make it at least 14.49998pt, for example:
(fancyhdr)                \setlength{\headheight}{14.49998pt}.
(fancyhdr)                You might also make \topmargin smaller to compensate:

(fancyhdr)                \addtolength{\topmargin}{-0.49998pt}.

[123]
Overfull \hbox (1.24327pt too wide) in paragraph at lines 296--297
\T1/futs/m/n/12 (-20) com-po-nents. Each sub-sec-tion high-lights the key de-si
gn trade-offs and co-optimization
 []

<./figures_e-gpu/e-gpu.pdf, id=2242, 737.75626pt x 470.75874pt>
File: ./figures_e-gpu/e-gpu.pdf Graphic file (type pdf)
<use ./figures_e-gpu/e-gpu.pdf>
Package pdftex.def Info: ./figures_e-gpu/e-gpu.pdf  used on input line 300.
(pdftex.def)             Requested size: 417.68646pt x 266.5251pt.

Underfull \vbox (badness 4726) has occurred while \output is active []



Package fancyhdr Warning: \headheight is too small (14.0pt): 
(fancyhdr)                Make it at least 14.49998pt, for example:
(fancyhdr)                \setlength{\headheight}{14.49998pt}.
(fancyhdr)                You might also make \topmargin smaller to compensate:

(fancyhdr)                \addtolength{\topmargin}{-0.49998pt}.

[124]
Underfull \vbox (badness 1655) has occurred while \output is active []



Package fancyhdr Warning: \headheight is too small (14.0pt): 
(fancyhdr)                Make it at least 14.49998pt, for example:
(fancyhdr)                \setlength{\headheight}{14.49998pt}.
(fancyhdr)                You might also make \topmargin smaller to compensate:

(fancyhdr)                \addtolength{\topmargin}{-0.49998pt}.

[125 <./figures_e-gpu/e-gpu.pdf>]
Underfull \vbox (badness 10000) has occurred while \output is active []



Package fancyhdr Warning: \headheight is too small (14.0pt): 
(fancyhdr)                Make it at least 14.49998pt, for example:
(fancyhdr)                \setlength{\headheight}{14.49998pt}.
(fancyhdr)                You might also make \topmargin smaller to compensate:

(fancyhdr)                \addtolength{\topmargin}{-0.49998pt}.

[126]
Overfull \hbox (0.1371pt too wide) in paragraph at lines 352--353
[]\T1/futs/m/n/12 (-20) The cache ar-chi-tec-ture builds upon the Vor-tex cache
 [[][]56[][]] and fea-tures a direct-mapped,
 []


Package fancyhdr Warning: \headheight is too small (14.0pt): 
(fancyhdr)                Make it at least 14.49998pt, for example:
(fancyhdr)                \setlength{\headheight}{14.49998pt}.
(fancyhdr)                You might also make \topmargin smaller to compensate:

(fancyhdr)                \addtolength{\topmargin}{-0.49998pt}.

[127]

Package fancyhdr Warning: \headheight is too small (14.0pt): 
(fancyhdr)                Make it at least 14.49998pt, for example:
(fancyhdr)                \setlength{\headheight}{14.49998pt}.
(fancyhdr)                You might also make \topmargin smaller to compensate:

(fancyhdr)                \addtolength{\topmargin}{-0.49998pt}.

[128]
Underfull \vbox (badness 10000) has occurred while \output is active []



Package fancyhdr Warning: \headheight is too small (14.0pt): 
(fancyhdr)                Make it at least 14.49998pt, for example:
(fancyhdr)                \setlength{\headheight}{14.49998pt}.
(fancyhdr)                You might also make \topmargin smaller to compensate:

(fancyhdr)                \addtolength{\topmargin}{-0.49998pt}.

[129]
<./figures_e-gpu/tiny_opencl.pdf, id=2305, 748.7975pt x 285.065pt>
File: ./figures_e-gpu/tiny_opencl.pdf Graphic file (type pdf)
<use ./figures_e-gpu/tiny_opencl.pdf>
Package pdftex.def Info: ./figures_e-gpu/tiny_opencl.pdf  used on input line 42
3.
(pdftex.def)             Requested size: 417.68646pt x 159.01329pt.


Package fancyhdr Warning: \headheight is too small (14.0pt): 
(fancyhdr)                Make it at least 14.49998pt, for example:
(fancyhdr)                \setlength{\headheight}{14.49998pt}.
(fancyhdr)                You might also make \topmargin smaller to compensate:

(fancyhdr)                \addtolength{\topmargin}{-0.49998pt}.

[130]

Package fancyhdr Warning: \headheight is too small (14.0pt): 
(fancyhdr)                Make it at least 14.49998pt, for example:
(fancyhdr)                \setlength{\headheight}{14.49998pt}.
(fancyhdr)                You might also make \topmargin smaller to compensate:

(fancyhdr)                \addtolength{\topmargin}{-0.49998pt}.

[131 <./figures_e-gpu/tiny_opencl.pdf>]
<./figures_e-gpu/snippet.png, id=2336, 2857.67625pt x 2730.2pt>
File: ./figures_e-gpu/snippet.png Graphic file (type png)
<use ./figures_e-gpu/snippet.png>
Package pdftex.def Info: ./figures_e-gpu/snippet.png  used on input line 448.
(pdftex.def)             Requested size: 355.03604pt x 339.1912pt.

Underfull \vbox (badness 10000) has occurred while \output is active []



Package fancyhdr Warning: \headheight is too small (14.0pt): 
(fancyhdr)                Make it at least 14.49998pt, for example:
(fancyhdr)                \setlength{\headheight}{14.49998pt}.
(fancyhdr)                You might also make \topmargin smaller to compensate:

(fancyhdr)                \addtolength{\topmargin}{-0.49998pt}.

[132]
Underfull \vbox (badness 4454) has occurred while \output is active []



Package fancyhdr Warning: \headheight is too small (14.0pt): 
(fancyhdr)                Make it at least 14.49998pt, for example:
(fancyhdr)                \setlength{\headheight}{14.49998pt}.
(fancyhdr)                You might also make \topmargin smaller to compensate:

(fancyhdr)                \addtolength{\topmargin}{-0.49998pt}.

[133 <./figures_e-gpu/snippet.png>]

Package fancyhdr Warning: \headheight is too small (14.0pt): 
(fancyhdr)                Make it at least 14.49998pt, for example:
(fancyhdr)                \setlength{\headheight}{14.49998pt}.
(fancyhdr)                You might also make \topmargin smaller to compensate:

(fancyhdr)                \addtolength{\topmargin}{-0.49998pt}.

[134]
<./figures_e-gpu/apu.pdf, id=2353, 596.2275pt x 374.39874pt>
File: ./figures_e-gpu/apu.pdf Graphic file (type pdf)
<use ./figures_e-gpu/apu.pdf>
Package pdftex.def Info: ./figures_e-gpu/apu.pdf  used on input line 488.
(pdftex.def)             Requested size: 417.68646pt x 262.28299pt.


Package fancyhdr Warning: \headheight is too small (14.0pt): 
(fancyhdr)                Make it at least 14.49998pt, for example:
(fancyhdr)                \setlength{\headheight}{14.49998pt}.
(fancyhdr)                You might also make \topmargin smaller to compensate:

(fancyhdr)                \addtolength{\topmargin}{-0.49998pt}.

[135 <./figures_e-gpu/apu.pdf>]

Package fancyhdr Warning: \headheight is too small (14.0pt): 
(fancyhdr)                Make it at least 14.49998pt, for example:
(fancyhdr)                \setlength{\headheight}{14.49998pt}.
(fancyhdr)                You might also make \topmargin smaller to compensate:

(fancyhdr)                \addtolength{\topmargin}{-0.49998pt}.

[136]

Package fancyhdr Warning: \headheight is too small (14.0pt): 
(fancyhdr)                Make it at least 14.49998pt, for example:
(fancyhdr)                \setlength{\headheight}{14.49998pt}.
(fancyhdr)                You might also make \topmargin smaller to compensate:

(fancyhdr)                \addtolength{\topmargin}{-0.49998pt}.

[137]

Package fancyhdr Warning: \headheight is too small (14.0pt): 
(fancyhdr)                Make it at least 14.49998pt, for example:
(fancyhdr)                \setlength{\headheight}{14.49998pt}.
(fancyhdr)                You might also make \topmargin smaller to compensate:

(fancyhdr)                \addtolength{\topmargin}{-0.49998pt}.

[138]
Underfull \vbox (badness 10000) has occurred while \output is active []



Package fancyhdr Warning: \headheight is too small (14.0pt): 
(fancyhdr)                Make it at least 14.49998pt, for example:
(fancyhdr)                \setlength{\headheight}{14.49998pt}.
(fancyhdr)                You might also make \topmargin smaller to compensate:

(fancyhdr)                \addtolength{\topmargin}{-0.49998pt}.

[139]

Package fancyhdr Warning: \headheight is too small (14.0pt): 
(fancyhdr)                Make it at least 14.49998pt, for example:
(fancyhdr)                \setlength{\headheight}{14.49998pt}.
(fancyhdr)                You might also make \topmargin smaller to compensate:

(fancyhdr)                \addtolength{\topmargin}{-0.49998pt}.

[140]

Package fancyhdr Warning: \headheight is too small (14.0pt): 
(fancyhdr)                Make it at least 14.49998pt, for example:
(fancyhdr)                \setlength{\headheight}{14.49998pt}.
(fancyhdr)                You might also make \topmargin smaller to compensate:

(fancyhdr)                \addtolength{\topmargin}{-0.49998pt}.

[141]
Underfull \vbox (badness 10000) has occurred while \output is active []



Package fancyhdr Warning: \headheight is too small (14.0pt): 
(fancyhdr)                Make it at least 14.49998pt, for example:
(fancyhdr)                \setlength{\headheight}{14.49998pt}.
(fancyhdr)                You might also make \topmargin smaller to compensate:

(fancyhdr)                \addtolength{\topmargin}{-0.49998pt}.

[142]
Underfull \vbox (badness 10000) has occurred while \output is active []



Package fancyhdr Warning: \headheight is too small (14.0pt): 
(fancyhdr)                Make it at least 14.49998pt, for example:
(fancyhdr)                \setlength{\headheight}{14.49998pt}.
(fancyhdr)                You might also make \topmargin smaller to compensate:

(fancyhdr)                \addtolength{\topmargin}{-0.49998pt}.

[143]
<./figures_e-gpu/area_leakage.pdf, id=2441, 1397.3293pt x 523.43805pt>
File: ./figures_e-gpu/area_leakage.pdf Graphic file (type pdf)
<use ./figures_e-gpu/area_leakage.pdf>
Package pdftex.def Info: ./figures_e-gpu/area_leakage.pdf  used on input line 7
34.
(pdftex.def)             Requested size: 409.33095pt x 153.33464pt.

Underfull \vbox (badness 10000) has occurred while \output is active []



Package fancyhdr Warning: \headheight is too small (14.0pt): 
(fancyhdr)                Make it at least 14.49998pt, for example:
(fancyhdr)                \setlength{\headheight}{14.49998pt}.
(fancyhdr)                You might also make \topmargin smaller to compensate:

(fancyhdr)                \addtolength{\topmargin}{-0.49998pt}.

[144 <./figures_e-gpu/area_leakage.pdf>]
Underfull \vbox (badness 10000) has occurred while \output is active []



Package fancyhdr Warning: \headheight is too small (14.0pt): 
(fancyhdr)                Make it at least 14.49998pt, for example:
(fancyhdr)                \setlength{\headheight}{14.49998pt}.
(fancyhdr)                You might also make \topmargin smaller to compensate:

(fancyhdr)                \addtolength{\topmargin}{-0.49998pt}.

[145]
<./figures_e-gpu/overheads.pdf, id=2501, 1398.30731pt x 475.73639pt>
File: ./figures_e-gpu/overheads.pdf Graphic file (type pdf)
<use ./figures_e-gpu/overheads.pdf>
Package pdftex.def Info: ./figures_e-gpu/overheads.pdf  used on input line 800.

(pdftex.def)             Requested size: 409.33095pt x 139.2594pt.

Underfull \vbox (badness 10000) has occurred while \output is active []



Package fancyhdr Warning: \headheight is too small (14.0pt): 
(fancyhdr)                Make it at least 14.49998pt, for example:
(fancyhdr)                \setlength{\headheight}{14.49998pt}.
(fancyhdr)                You might also make \topmargin smaller to compensate:

(fancyhdr)                \addtolength{\topmargin}{-0.49998pt}.

[146 <./figures_e-gpu/overheads.pdf>]
Overfull \hbox (0.19257pt too wide) in paragraph at lines 842--843
\T1/futs/m/n/12 (-20) Table [][]4.7[][] and Fig-ure [][]4.10[][] present the pe
r-for-mance and en-ergy ef-fi-ciency gains achieved
 []


Underfull \vbox (badness 10000) has occurred while \output is active []



Package fancyhdr Warning: \headheight is too small (14.0pt): 
(fancyhdr)                Make it at least 14.49998pt, for example:
(fancyhdr)                \setlength{\headheight}{14.49998pt}.
(fancyhdr)                You might also make \topmargin smaller to compensate:

(fancyhdr)                \addtolength{\topmargin}{-0.49998pt}.

[147]
<./figures_e-gpu/proc_energy.pdf, id=2857, 1396.15425pt x 480.07607pt>
File: ./figures_e-gpu/proc_energy.pdf Graphic file (type pdf)
<use ./figures_e-gpu/proc_energy.pdf>
Package pdftex.def Info: ./figures_e-gpu/proc_energy.pdf  used on input line 85
6.
(pdftex.def)             Requested size: 409.33095pt x 140.74948pt.

Underfull \vbox (badness 1796) has occurred while \output is active []



Package fancyhdr Warning: \headheight is too small (14.0pt): 
(fancyhdr)                Make it at least 14.49998pt, for example:
(fancyhdr)                \setlength{\headheight}{14.49998pt}.
(fancyhdr)                You might also make \topmargin smaller to compensate:

(fancyhdr)                \addtolength{\topmargin}{-0.49998pt}.

[148 <./figures_e-gpu/proc_energy.pdf>]
Underfull \vbox (badness 10000) has occurred while \output is active []



Package fancyhdr Warning: \headheight is too small (14.0pt): 
(fancyhdr)                Make it at least 14.49998pt, for example:
(fancyhdr)                \setlength{\headheight}{14.49998pt}.
(fancyhdr)                You might also make \topmargin smaller to compensate:

(fancyhdr)                \addtolength{\topmargin}{-0.49998pt}.

[149]
Underfull \vbox (badness 10000) has occurred while \output is active []



Package fancyhdr Warning: \headheight is too small (14.0pt): 
(fancyhdr)                Make it at least 14.49998pt, for example:
(fancyhdr)                \setlength{\headheight}{14.49998pt}.
(fancyhdr)                You might also make \topmargin smaller to compensate:

(fancyhdr)                \addtolength{\topmargin}{-0.49998pt}.

[150]) (./main/5_conclusions.tex

Package fancyhdr Warning: \headheight is too small (14.0pt): 
(fancyhdr)                Make it at least 14.49998pt, for example:
(fancyhdr)                \setlength{\headheight}{14.49998pt}.
(fancyhdr)                You might also make \topmargin smaller to compensate:

(fancyhdr)                \addtolength{\topmargin}{-0.49998pt}.

[151] [152

]
Chapter 5.

Underfull \vbox (badness 10000) has occurred while \output is active []

 [153]
Underfull \vbox (badness 10000) has occurred while \output is active []



Package fancyhdr Warning: \headheight is too small (14.0pt): 
(fancyhdr)                Make it at least 14.49998pt, for example:
(fancyhdr)                \setlength{\headheight}{14.49998pt}.
(fancyhdr)                You might also make \topmargin smaller to compensate:

(fancyhdr)                \addtolength{\topmargin}{-0.49998pt}.

[154]

Package fancyhdr Warning: \headheight is too small (14.0pt): 
(fancyhdr)                Make it at least 14.49998pt, for example:
(fancyhdr)                \setlength{\headheight}{14.49998pt}.
(fancyhdr)                You might also make \topmargin smaller to compensate:

(fancyhdr)                \addtolength{\topmargin}{-0.49998pt}.

[155]

Package fancyhdr Warning: \headheight is too small (14.0pt): 
(fancyhdr)                Make it at least 14.49998pt, for example:
(fancyhdr)                \setlength{\headheight}{14.49998pt}.
(fancyhdr)                You might also make \topmargin smaller to compensate:

(fancyhdr)                \addtolength{\topmargin}{-0.49998pt}.

[156]

Package fancyhdr Warning: \headheight is too small (14.0pt): 
(fancyhdr)                Make it at least 14.49998pt, for example:
(fancyhdr)                \setlength{\headheight}{14.49998pt}.
(fancyhdr)                You might also make \topmargin smaller to compensate:

(fancyhdr)                \addtolength{\topmargin}{-0.49998pt}.

[157]

Package fancyhdr Warning: \headheight is too small (14.0pt): 
(fancyhdr)                Make it at least 14.49998pt, for example:
(fancyhdr)                \setlength{\headheight}{14.49998pt}.
(fancyhdr)                You might also make \topmargin smaller to compensate:

(fancyhdr)                \addtolength{\topmargin}{-0.49998pt}.

[158]

Package fancyhdr Warning: \headheight is too small (14.0pt): 
(fancyhdr)                Make it at least 14.49998pt, for example:
(fancyhdr)                \setlength{\headheight}{14.49998pt}.
(fancyhdr)                You might also make \topmargin smaller to compensate:

(fancyhdr)                \addtolength{\topmargin}{-0.49998pt}.

[159]

Package fancyhdr Warning: \headheight is too small (14.0pt): 
(fancyhdr)                Make it at least 14.49998pt, for example:
(fancyhdr)                \setlength{\headheight}{14.49998pt}.
(fancyhdr)                You might also make \topmargin smaller to compensate:

(fancyhdr)                \addtolength{\topmargin}{-0.49998pt}.

[160]

Package fancyhdr Warning: \headheight is too small (14.0pt): 
(fancyhdr)                Make it at least 14.49998pt, for example:
(fancyhdr)                \setlength{\headheight}{14.49998pt}.
(fancyhdr)                You might also make \topmargin smaller to compensate:

(fancyhdr)                \addtolength{\topmargin}{-0.49998pt}.

[161]

Package fancyhdr Warning: \headheight is too small (14.0pt): 
(fancyhdr)                Make it at least 14.49998pt, for example:
(fancyhdr)                \setlength{\headheight}{14.49998pt}.
(fancyhdr)                You might also make \topmargin smaller to compensate:

(fancyhdr)                \addtolength{\topmargin}{-0.49998pt}.

[162]
Overfull \hbox (1.8582pt too wide) in paragraph at lines 167--168
[]\T1/futs/m/n/12 (-20) By com-bin-ing con-fig-ura-bil-ity, ac-cu-rate per-for-
mance, en-ergy mod-el-ing, and lightweight
 []


Package fancyhdr Warning: \headheight is too small (14.0pt): 
(fancyhdr)                Make it at least 14.49998pt, for example:
(fancyhdr)                \setlength{\headheight}{14.49998pt}.
(fancyhdr)                You might also make \topmargin smaller to compensate:

(fancyhdr)                \addtolength{\topmargin}{-0.49998pt}.

[163]) (./tail/chip_gallery.tex

Package fancyhdr Warning: \headheight is too small (14.0pt): 
(fancyhdr)                Make it at least 14.49998pt, for example:
(fancyhdr)                \setlength{\headheight}{14.49998pt}.
(fancyhdr)                You might also make \topmargin smaller to compensate:

(fancyhdr)                \addtolength{\topmargin}{-0.49998pt}.

[164] [165

]
<./figures_x-heep/heepocrates.png, id=3021, 1944.26375pt x 1438.37375pt>
File: ./figures_x-heep/heepocrates.png Graphic file (type png)
<use ./figures_x-heep/heepocrates.png>
Package pdftex.def Info: ./figures_x-heep/heepocrates.png  used on input line 1
8.
(pdftex.def)             Requested size: 313.26485pt x 231.74669pt.
 [166

 <./figures_x-heep/heepocrates.png>]
<./figures_x-heep/heepnosis.png, id=3032, 413.545pt x 410.53375pt>
File: ./figures_x-heep/heepnosis.png Graphic file (type png)
<use ./figures_x-heep/heepnosis.png>
Package pdftex.def Info: ./figures_x-heep/heepnosis.png  used on input line 35.

(pdftex.def)             Requested size: 292.37924pt x 290.2532pt.
 [167

 <./figures_x-heep/heepnosis.png>]
<./figures_x-heep/xtrela.png, id=3044, 716.1957pt x 616.4631pt>
File: ./figures_x-heep/xtrela.png Graphic file (type png)
<use ./figures_x-heep/xtrela.png>
Package pdftex.def Info: ./figures_x-heep/xtrela.png  used on input line 52.
(pdftex.def)             Requested size: 313.26485pt x 269.6361pt.
 [168

 <./figures_x-heep/xtrela.png>]
<./figures_x-heep/heepidermis.png, id=3053, 6303.55pt x 6652.855pt>
File: ./figures_x-heep/heepidermis.png Graphic file (type png)
<use ./figures_x-heep/heepidermis.png>
Package pdftex.def Info: ./figures_x-heep/heepidermis.png  used on input line 6
9.
(pdftex.def)             Requested size: 292.37924pt x 308.50185pt.
 [169

 <./figures_x-heep/heepidermis.png>]
<./figures_x-heep/xeros.png, id=3062, 652.74265pt x 570.74028pt>
File: ./figures_x-heep/xeros.png Graphic file (type png)
<use ./figures_x-heep/xeros.png>
Package pdftex.def Info: ./figures_x-heep/xeros.png  used on input line 86.
(pdftex.def)             Requested size: 313.26485pt x 273.91737pt.
 [170

 <./figures_x-heep/xeros.png>]
<./figures_x-heep/heepatia.png, id=3073, 541.52313pt x 539.51563pt>
File: ./figures_x-heep/heepatia.png Graphic file (type png)
<use ./figures_x-heep/heepatia.png>
Package pdftex.def Info: ./figures_x-heep/heepatia.png  used on input line 103.

(pdftex.def)             Requested size: 292.37924pt x 291.30116pt.
) [171

 <./figures_x-heep/heepatia.png>] [172

] (./main.lof
Underfull \vbox (badness 10000) has occurred while \output is active []

 [173]
Overfull \hbox (1.19994pt too wide) detected at line 25
 []\T1/futs/m/n/12 120
 []


Overfull \hbox (1.19994pt too wide) detected at line 26
 []\T1/futs/m/n/12 121
 []


Overfull \hbox (1.19994pt too wide) detected at line 27
 []\T1/futs/m/n/12 122
 []


Overfull \hbox (1.19994pt too wide) detected at line 28
 []\T1/futs/m/n/12 125
 []


Overfull \hbox (1.19994pt too wide) detected at line 29
 []\T1/futs/m/n/12 131
 []


Overfull \hbox (1.19994pt too wide) detected at line 30
 []\T1/futs/m/n/12 133
 []


Overfull \hbox (1.19994pt too wide) detected at line 31
 []\T1/futs/m/n/12 135
 []


Overfull \hbox (1.19994pt too wide) detected at line 32
 []\T1/futs/m/n/12 144
 []


Overfull \hbox (1.19994pt too wide) detected at line 33
 []\T1/futs/m/n/12 146
 []


Overfull \hbox (1.19994pt too wide) detected at line 34
 []\T1/futs/m/n/12 148
 []

)
\tf@lof=\write7
\openout7 = `main.lof'.

 [174] (./main.lot
Overfull \hbox (22.41965pt too wide) in paragraph at lines 8--8
 [][] [][][]\T1/futs/m/n/12 (-20) Experimental setup for sig-nal ac-qui-si-tion
 char-ac-ter-i-za-tion on [] 
 []


Underfull \vbox (badness 10000) has occurred while \output is active []

 [175


]
Overfull \hbox (1.19994pt too wide) detected at line 23
 []\T1/futs/m/n/12 113
 []


Overfull \hbox (1.19994pt too wide) detected at line 24
 []\T1/futs/m/n/12 126
 []


Overfull \hbox (1.19994pt too wide) detected at line 25
 []\T1/futs/m/n/12 139
 []


Overfull \hbox (1.19994pt too wide) detected at line 26
 []\T1/futs/m/n/12 140
 []


Overfull \hbox (1.19994pt too wide) detected at line 27
 []\T1/futs/m/n/12 143
 []


Overfull \hbox (1.19994pt too wide) detected at line 28
 []\T1/futs/m/n/12 145
 []


Overfull \hbox (1.19994pt too wide) detected at line 29
 []\T1/futs/m/n/12 147
 []

)
\tf@lot=\write8
\openout8 = `main.lot'.

 [176] (./tail/biblio.tex [177




]
Overfull \hbox (3.73488pt too wide) in paragraph at lines 3--3
\T1/futs/m/n/12 (-20) Avail-able: [][]$https : / / github . com / openhwgroup /
 core -[] v -[] xif$[][] (vis-ited on 10/05/2025). 
 []

[178] [179] [180] [181] [182]
Overfull \hbox (13.09311pt too wide) in paragraph at lines 3--3
[]\T1/futs/m/n/12 (-20) P. Pala-cios Al-men-dros, R. Med-ina Mo-ril-las, G. Ans
a-loni, and D. Atienza, ^^P  []:
 []

[183] [184] [185]) [186]
<tail/CV_PhD_Thesis.pdf, id=3280, 597.51233pt x 845.0471pt>
File: tail/CV_PhD_Thesis.pdf Graphic file (type pdf)
<use tail/CV_PhD_Thesis.pdf>
Package pdftex.def Info: tail/CV_PhD_Thesis.pdf  used on input line 56.
(pdftex.def)             Requested size: 597.51086pt x 845.04504pt.
File: tail/CV_PhD_Thesis.pdf Graphic file (type pdf)
<use tail/CV_PhD_Thesis.pdf>
Package pdftex.def Info: tail/CV_PhD_Thesis.pdf  used on input line 56.
(pdftex.def)             Requested size: 597.51086pt x 845.04504pt.
<tail/CV_PhD_Thesis.pdf, id=3283, page=1, 597.51233pt x 845.0471pt>
File: tail/CV_PhD_Thesis.pdf Graphic file (type pdf)
<use tail/CV_PhD_Thesis.pdf, page 1>
Package pdftex.def Info: tail/CV_PhD_Thesis.pdf , page1 used on input line 56.
(pdftex.def)             Requested size: 597.51086pt x 845.04504pt.
File: tail/CV_PhD_Thesis.pdf Graphic file (type pdf)
<use tail/CV_PhD_Thesis.pdf, page 1>
Package pdftex.def Info: tail/CV_PhD_Thesis.pdf , page1 used on input line 56.
(pdftex.def)             Requested size: 597.53821pt x 845.08372pt.
File: tail/CV_PhD_Thesis.pdf Graphic file (type pdf)
<use tail/CV_PhD_Thesis.pdf, page 1>
Package pdftex.def Info: tail/CV_PhD_Thesis.pdf , page1 used on input line 56.
(pdftex.def)             Requested size: 597.53821pt x 845.08372pt.
File: tail/CV_PhD_Thesis.pdf Graphic file (type pdf)
<use tail/CV_PhD_Thesis.pdf, page 1>
Package pdftex.def Info: tail/CV_PhD_Thesis.pdf , page1 used on input line 56.
(pdftex.def)             Requested size: 597.53821pt x 845.08372pt.
File: tail/CV_PhD_Thesis.pdf Graphic file (type pdf)
<use tail/CV_PhD_Thesis.pdf, page 1>
Package pdftex.def Info: tail/CV_PhD_Thesis.pdf , page1 used on input line 56.
(pdftex.def)             Requested size: 597.53821pt x 845.08372pt.
 [187

 <./tail/CV_PhD_Thesis.pdf>]
<tail/CV_PhD_Thesis.pdf, id=3318, page=2, 597.51233pt x 845.0471pt>
File: tail/CV_PhD_Thesis.pdf Graphic file (type pdf)
<use tail/CV_PhD_Thesis.pdf, page 2>
Package pdftex.def Info: tail/CV_PhD_Thesis.pdf , page2 used on input line 56.
(pdftex.def)             Requested size: 597.53821pt x 845.08372pt.
File: tail/CV_PhD_Thesis.pdf Graphic file (type pdf)
<use tail/CV_PhD_Thesis.pdf, page 2>
Package pdftex.def Info: tail/CV_PhD_Thesis.pdf , page2 used on input line 56.
(pdftex.def)             Requested size: 597.53821pt x 845.08372pt.
File: tail/CV_PhD_Thesis.pdf Graphic file (type pdf)
<use tail/CV_PhD_Thesis.pdf, page 2>
Package pdftex.def Info: tail/CV_PhD_Thesis.pdf , page2 used on input line 56.
(pdftex.def)             Requested size: 597.53821pt x 845.08372pt.
 [188 <./tail/CV_PhD_Thesis.pdf>]
<tail/CV_PhD_Thesis.pdf, id=3323, page=3, 597.51233pt x 845.0471pt>
File: tail/CV_PhD_Thesis.pdf Graphic file (type pdf)
<use tail/CV_PhD_Thesis.pdf, page 3>
Package pdftex.def Info: tail/CV_PhD_Thesis.pdf , page3 used on input line 56.
(pdftex.def)             Requested size: 597.53821pt x 845.08372pt.
File: tail/CV_PhD_Thesis.pdf Graphic file (type pdf)
<use tail/CV_PhD_Thesis.pdf, page 3>
Package pdftex.def Info: tail/CV_PhD_Thesis.pdf , page3 used on input line 56.
(pdftex.def)             Requested size: 597.53821pt x 845.08372pt.
File: tail/CV_PhD_Thesis.pdf Graphic file (type pdf)
<use tail/CV_PhD_Thesis.pdf, page 3>
Package pdftex.def Info: tail/CV_PhD_Thesis.pdf , page3 used on input line 56.
(pdftex.def)             Requested size: 597.53821pt x 845.08372pt.
 [189 <./tail/CV_PhD_Thesis.pdf>]
<tail/CV_PhD_Thesis.pdf, id=3328, page=4, 597.51233pt x 845.0471pt>
File: tail/CV_PhD_Thesis.pdf Graphic file (type pdf)
<use tail/CV_PhD_Thesis.pdf, page 4>
Package pdftex.def Info: tail/CV_PhD_Thesis.pdf , page4 used on input line 56.
(pdftex.def)             Requested size: 597.53821pt x 845.08372pt.
File: tail/CV_PhD_Thesis.pdf Graphic file (type pdf)
<use tail/CV_PhD_Thesis.pdf, page 4>
Package pdftex.def Info: tail/CV_PhD_Thesis.pdf , page4 used on input line 56.
(pdftex.def)             Requested size: 597.53821pt x 845.08372pt.
File: tail/CV_PhD_Thesis.pdf Graphic file (type pdf)
<use tail/CV_PhD_Thesis.pdf, page 4>
Package pdftex.def Info: tail/CV_PhD_Thesis.pdf , page4 used on input line 56.
(pdftex.def)             Requested size: 597.53821pt x 845.08372pt.
 [190 <./tail/CV_PhD_Thesis.pdf>]
(./main.aux)

LaTeX Warning: There were multiply-defined labels.

Package rerunfilecheck Info: File `main.out' has not changed.
(rerunfilecheck)             Checksum: A82885586269C3C2130B65DA211E5858;17280.
Package logreq Info: Writing requests to 'main.run.xml'.
\openout1 = `main.run.xml'.

 ) 
Here is how much of TeX's memory you used:
 47846 strings out of 478287
 959049 string characters out of 5849290
 1849256 words of memory out of 5000000
 63983 multiletter control sequences out of 15000+600000
 631169 words of font info for 585 fonts, out of 8000000 for 9000
 1143 hyphenation exceptions out of 8191
 99i,17n,95p,1398b,3035s stack positions out of 5000i,500n,10000p,200000b,80000s
{/usr/share/texmf/fonts/enc/dvips/cm-super/cm-super-t1.enc}{/usr/share/texliv
e/texmf-dist/fonts/enc/dvips/base/8r.enc}</usr/share/texlive/texmf-dist/fonts/t
ype1/public/amsfonts/cm/cmmi12.pfb></usr/share/texlive/texmf-dist/fonts/type1/p
ublic/amsfonts/cm/cmsy10.pfb></usr/share/texlive/texmf-dist/fonts/type1/public/
fourier/fourier-alt-bold.pfb></usr/share/texlive/texmf-dist/fonts/type1/public/
fourier/fourier-alt.pfb></usr/share/texlive/texmf-dist/fonts/type1/public/fouri
er/fourier-mex.pfb></usr/share/texlive/texmf-dist/fonts/type1/public/fourier/fo
urier-mlit.pfb></usr/share/texlive/texmf-dist/fonts/type1/public/fourier/fourie
r-ms.pfb></usr/share/texlive/texmf-dist/fonts/type1/adobe/utopia/putb8a.pfb></u
sr/share/texlive/texmf-dist/fonts/type1/adobe/utopia/putr8a.pfb></usr/share/tex
live/texmf-dist/fonts/type1/adobe/utopia/putri8a.pfb></usr/share/texmf/fonts/ty
pe1/public/cm-super/sfss1095.pfb></usr/share/texmf/fonts/type1/public/cm-super/
sfss1200.pfb></usr/share/texmf/fonts/type1/public/cm-super/sfss2488.pfb></usr/s
hare/texmf/fonts/type1/public/cm-super/sftt1200.pfb></usr/share/texlive/texmf-d
ist/fonts/type1/urw/zapfding/uzdr.pfb>
Output written on main.pdf (208 pages, 57641593 bytes).
PDF statistics:
 3513 PDF objects out of 3580 (max. 8388607)
 2656 compressed objects within 27 object streams
 525 named destinations out of 1000 (max. 500000)
 99865 words of extra memory for PDF output out of 106986 (max. 10000000)

